Expression,Supported,SQL Func,Notes,Context,Params,BOOLEAN,BYTE,SHORT,INT,LONG,FLOAT,DOUBLE,DATE,TIMESTAMP,STRING,DECIMAL,NULL,BINARY,CALENDAR,ARRAY,MAP,STRUCT,UDT,DAYTIME,YEARMONTH
Abs,S,`abs`,None,project,input,NA,S,S,S,S,S,S,NA,NA,NA,S,NA,NA,NA,NA,NA,NA,NA,S,S
Abs,S,`abs`,None,project,result,NA,S,S,S,S,S,S,NA,NA,NA,S,NA,NA,NA,NA,NA,NA,NA,S,S
Abs,S,`abs`,None,AST,input,NA,NS,NS,S,S,S,S,NA,NA,NA,NS,NA,NA,NA,NA,NA,NA,NA,NS,NS
Abs,S,`abs`,None,AST,result,NA,NS,NS,S,S,S,S,NA,NA,NA,NS,NA,NA,NA,NA,NA,NA,NA,NS,NS
Acos,S,`acos`,None,project,input,NA,NA,NA,NA,NA,NA,S,NA,NA,NA,NA,NA,NA,NA,NA,NA,NA,NA,NS,NS
Acos,S,`acos`,None,project,result,NA,NA,NA,NA,NA,NA,S,NA,NA,NA,NA,NA,NA,NA,NA,NA,NA,NA,NS,NS
Acos,S,`acos`,None,AST,input,NA,NA,NA,NA,NA,NA,S,NA,NA,NA,NA,NA,NA,NA,NA,NA,NA,NA,NS,NS
Acos,S,`acos`,None,AST,result,NA,NA,NA,NA,NA,NA,S,NA,NA,NA,NA,NA,NA,NA,NA,NA,NA,NA,NS,NS
Acosh,S,`acosh`,None,project,input,NA,NA,NA,NA,NA,NA,S,NA,NA,NA,NA,NA,NA,NA,NA,NA,NA,NA,NS,NS
Acosh,S,`acosh`,None,project,result,NA,NA,NA,NA,NA,NA,S,NA,NA,NA,NA,NA,NA,NA,NA,NA,NA,NA,NS,NS
Acosh,S,`acosh`,None,AST,input,NA,NA,NA,NA,NA,NA,S,NA,NA,NA,NA,NA,NA,NA,NA,NA,NA,NA,NS,NS
Acosh,S,`acosh`,None,AST,result,NA,NA,NA,NA,NA,NA,S,NA,NA,NA,NA,NA,NA,NA,NA,NA,NA,NA,NS,NS
Add,S,`+`,None,project,lhs,NA,S,S,S,S,S,S,NA,NA,NA,S,NA,NA,NS,NA,NA,NA,NA,S,S
Add,S,`+`,None,project,rhs,NA,S,S,S,S,S,S,NA,NA,NA,S,NA,NA,NS,NA,NA,NA,NA,S,S
Add,S,`+`,None,project,result,NA,S,S,S,S,S,S,NA,NA,NA,S,NA,NA,NS,NA,NA,NA,NA,S,S
Add,S,`+`,None,AST,lhs,NA,NS,NS,S,S,S,S,NA,NA,NA,NS,NA,NA,NS,NA,NA,NA,NA,NS,NS
Add,S,`+`,None,AST,rhs,NA,NS,NS,S,S,S,S,NA,NA,NA,NS,NA,NA,NS,NA,NA,NA,NA,NS,NS
Add,S,`+`,None,AST,result,NA,NS,NS,S,S,S,S,NA,NA,NA,NS,NA,NA,NS,NA,NA,NA,NA,NS,NS
Alias,S, ,None,project,input,S,S,S,S,S,S,S,S,PS,S,S,S,S,NS,PS,PS,PS,NS,S,S
Alias,S, ,None,project,result,S,S,S,S,S,S,S,S,PS,S,S,S,S,NS,PS,PS,PS,NS,S,S
Alias,S, ,None,AST,input,S,S,S,S,S,S,S,S,PS,S,NS,NS,NS,NS,NS,NS,NS,NS,S,S
Alias,S, ,None,AST,result,S,S,S,S,S,S,S,S,PS,S,NS,NS,NS,NS,NS,NS,NS,NS,S,S
And,S,`and`,None,project,lhs,S,NA,NA,NA,NA,NA,NA,NA,NA,NA,NA,NA,NA,NA,NA,NA,NA,NA,NS,NS
And,S,`and`,None,project,rhs,S,NA,NA,NA,NA,NA,NA,NA,NA,NA,NA,NA,NA,NA,NA,NA,NA,NA,NS,NS
And,S,`and`,None,project,result,S,NA,NA,NA,NA,NA,NA,NA,NA,NA,NA,NA,NA,NA,NA,NA,NA,NA,NS,NS
And,S,`and`,None,AST,lhs,S,NA,NA,NA,NA,NA,NA,NA,NA,NA,NA,NA,NA,NA,NA,NA,NA,NA,NS,NS
And,S,`and`,None,AST,rhs,S,NA,NA,NA,NA,NA,NA,NA,NA,NA,NA,NA,NA,NA,NA,NA,NA,NA,NS,NS
And,S,`and`,None,AST,result,S,NA,NA,NA,NA,NA,NA,NA,NA,NA,NA,NA,NA,NA,NA,NA,NA,NA,NS,NS
ArrayContains,S,`array_contains`,None,project,array,NA,NA,NA,NA,NA,NA,NA,NA,NA,NA,NA,NA,NA,NA,PS,NA,NA,NA,NS,NS
ArrayContains,S,`array_contains`,None,project,key,S,S,S,S,S,S,S,S,PS,S,NS,NS,NS,NS,NS,NS,NS,NS,NS,NS
ArrayContains,S,`array_contains`,None,project,result,S,NA,NA,NA,NA,NA,NA,NA,NA,NA,NA,NA,NA,NA,NA,NA,NA,NA,NS,NS
ArrayExcept,S,`array_except`,None,project,array1,NA,NA,NA,NA,NA,NA,NA,NA,NA,NA,NA,NA,NA,NA,PS,NA,NA,NA,NS,NS
ArrayExcept,S,`array_except`,None,project,array2,NA,NA,NA,NA,NA,NA,NA,NA,NA,NA,NA,NA,NA,NA,PS,NA,NA,NA,NS,NS
ArrayExcept,S,`array_except`,None,project,result,NA,NA,NA,NA,NA,NA,NA,NA,NA,NA,NA,NA,NA,NA,PS,NA,NA,NA,NS,NS
ArrayExists,S,`exists`,None,project,argument,NA,NA,NA,NA,NA,NA,NA,NA,NA,NA,NA,NA,NA,NA,PS,NA,NA,NA,NS,NS
ArrayExists,S,`exists`,None,project,function,S,NA,NA,NA,NA,NA,NA,NA,NA,NA,NA,NA,NA,NA,NA,NA,NA,NA,NS,NS
ArrayExists,S,`exists`,None,project,result,S,NA,NA,NA,NA,NA,NA,NA,NA,NA,NA,NA,NA,NA,NA,NA,NA,NA,NS,NS
ArrayFilter,S,`filter`,None,project,argument,NA,NA,NA,NA,NA,NA,NA,NA,NA,NA,NA,NA,NA,NA,PS,NA,NA,NA,NS,NS
ArrayFilter,S,`filter`,None,project,function,S,NA,NA,NA,NA,NA,NA,NA,NA,NA,NA,NA,NA,NA,NA,NA,NA,NA,NS,NS
ArrayFilter,S,`filter`,None,project,result,NA,NA,NA,NA,NA,NA,NA,NA,NA,NA,NA,NA,NA,NA,PS,NA,NA,NA,NS,NS
ArrayIntersect,S,`array_intersect`,None,project,array1,NA,NA,NA,NA,NA,NA,NA,NA,NA,NA,NA,NA,NA,NA,PS,NA,NA,NA,NS,NS
ArrayIntersect,S,`array_intersect`,None,project,array2,NA,NA,NA,NA,NA,NA,NA,NA,NA,NA,NA,NA,NA,NA,PS,NA,NA,NA,NS,NS
ArrayIntersect,S,`array_intersect`,None,project,result,NA,NA,NA,NA,NA,NA,NA,NA,NA,NA,NA,NA,NA,NA,PS,NA,NA,NA,NS,NS
ArrayMax,S,`array_max`,None,project,input,NA,NA,NA,NA,NA,NA,NA,NA,NA,NA,NA,NA,NA,NA,PS,NA,NA,NA,NS,NS
ArrayMax,S,`array_max`,None,project,result,S,S,S,S,S,S,S,S,PS,S,S,S,NS,NS,NS,NA,NS,NS,NS,NS
ArrayMin,S,`array_min`,None,project,input,NA,NA,NA,NA,NA,NA,NA,NA,NA,NA,NA,NA,NA,NA,PS,NA,NA,NA,NS,NS
ArrayMin,S,`array_min`,None,project,result,S,S,S,S,S,S,S,S,PS,S,S,S,NS,NS,NS,NA,NS,NS,NS,NS
ArrayRemove,S,`array_remove`,None,project,array,NS,NS,NS,NS,NS,NS,NS,NS,NS,NS,NS,NS,NS,NS,PS,NS,NS,NS,NS,NS
ArrayRemove,S,`array_remove`,None,project,element,S,S,S,S,S,S,S,S,PS,S,S,S,NS,NS,PS,PS,PS,NS,NS,NS
ArrayRemove,S,`array_remove`,None,project,result,NA,NA,NA,NA,NA,NA,NA,NA,NA,NA,NA,NA,NA,NA,PS,NA,NA,NA,NS,NS
ArrayRepeat,S,`array_repeat`,None,project,left,S,S,S,S,S,S,S,S,PS,S,S,S,NS,NS,PS,PS,PS,NS,NS,NS
ArrayRepeat,S,`array_repeat`,None,project,right,NA,S,S,S,S,NA,NA,NA,NA,NA,NA,NA,NA,NA,NA,NA,NA,NA,NS,NS
ArrayRepeat,S,`array_repeat`,None,project,result,NA,NA,NA,NA,NA,NA,NA,NA,NA,NA,NA,NA,NA,NA,PS,NA,NA,NA,NS,NS
ArrayTransform,S,`transform`,None,project,argument,NA,NA,NA,NA,NA,NA,NA,NA,NA,NA,NA,NA,NA,NA,PS,NA,NA,NA,NS,NS
ArrayTransform,S,`transform`,None,project,function,S,S,S,S,S,S,S,S,PS,S,S,S,NS,NS,PS,PS,PS,NS,NS,NS
ArrayTransform,S,`transform`,None,project,result,NA,NA,NA,NA,NA,NA,NA,NA,NA,NA,NA,NA,NA,NA,PS,NA,NA,NA,NS,NS
ArrayUnion,S,`array_union`,None,project,array1,NA,NA,NA,NA,NA,NA,NA,NA,NA,NA,NA,NA,NA,NA,PS,NA,NA,NA,NS,NS
ArrayUnion,S,`array_union`,None,project,array2,NA,NA,NA,NA,NA,NA,NA,NA,NA,NA,NA,NA,NA,NA,PS,NA,NA,NA,NS,NS
ArrayUnion,S,`array_union`,None,project,result,NA,NA,NA,NA,NA,NA,NA,NA,NA,NA,NA,NA,NA,NA,PS,NA,NA,NA,NS,NS
ArraysOverlap,S,`arrays_overlap`,None,project,array1,NA,NA,NA,NA,NA,NA,NA,NA,NA,NA,NA,NA,NA,NA,PS,NA,NA,NA,NS,NS
ArraysOverlap,S,`arrays_overlap`,None,project,array2,NA,NA,NA,NA,NA,NA,NA,NA,NA,NA,NA,NA,NA,NA,PS,NA,NA,NA,NS,NS
ArraysOverlap,S,`arrays_overlap`,None,project,result,S,NA,NA,NA,NA,NA,NA,NA,NA,NA,NA,NA,NA,NA,NA,NA,NA,NA,NS,NS
ArraysZip,S,`arrays_zip`,None,project,children,NA,NA,NA,NA,NA,NA,NA,NA,NA,NA,NA,NA,NA,NA,PS,NA,NA,NA,NS,NS
ArraysZip,S,`arrays_zip`,None,project,result,NA,NA,NA,NA,NA,NA,NA,NA,NA,NA,NA,NA,NA,NA,PS,NA,NA,NA,NS,NS
Ascii,NS,`ascii`,This is disabled by default because it only supports strings starting with ASCII or Latin-1 characters after Spark 3.2.3; 3.3.1 and 3.4.0. Otherwise the results will not match the CPU.,project,input,NA,NA,NA,NA,NA,NA,NA,NA,NA,S,NA,NA,NA,NA,NA,NA,NA,NA,NS,NS
Ascii,NS,`ascii`,This is disabled by default because it only supports strings starting with ASCII or Latin-1 characters after Spark 3.2.3; 3.3.1 and 3.4.0. Otherwise the results will not match the CPU.,project,result,NA,NA,NA,S,NA,NA,NA,NA,NA,NA,NA,NA,NA,NA,NA,NA,NA,NA,NS,NS
Asin,S,`asin`,None,project,input,NA,NA,NA,NA,NA,NA,S,NA,NA,NA,NA,NA,NA,NA,NA,NA,NA,NA,NS,NS
Asin,S,`asin`,None,project,result,NA,NA,NA,NA,NA,NA,S,NA,NA,NA,NA,NA,NA,NA,NA,NA,NA,NA,NS,NS
Asin,S,`asin`,None,AST,input,NA,NA,NA,NA,NA,NA,S,NA,NA,NA,NA,NA,NA,NA,NA,NA,NA,NA,NS,NS
Asin,S,`asin`,None,AST,result,NA,NA,NA,NA,NA,NA,S,NA,NA,NA,NA,NA,NA,NA,NA,NA,NA,NA,NS,NS
Asinh,S,`asinh`,None,project,input,NA,NA,NA,NA,NA,NA,S,NA,NA,NA,NA,NA,NA,NA,NA,NA,NA,NA,NS,NS
Asinh,S,`asinh`,None,project,result,NA,NA,NA,NA,NA,NA,S,NA,NA,NA,NA,NA,NA,NA,NA,NA,NA,NA,NS,NS
Asinh,S,`asinh`,None,AST,input,NA,NA,NA,NA,NA,NA,S,NA,NA,NA,NA,NA,NA,NA,NA,NA,NA,NA,NS,NS
Asinh,S,`asinh`,None,AST,result,NA,NA,NA,NA,NA,NA,S,NA,NA,NA,NA,NA,NA,NA,NA,NA,NA,NA,NS,NS
AtLeastNNonNulls,S, ,None,project,input,S,S,S,S,S,S,S,S,PS,S,S,S,S,NS,PS,PS,PS,NS,NS,NS
AtLeastNNonNulls,S, ,None,project,result,S,NA,NA,NA,NA,NA,NA,NA,NA,NA,NA,NA,NA,NA,NA,NA,NA,NA,NS,NS
Atan,S,`atan`,None,project,input,NA,NA,NA,NA,NA,NA,S,NA,NA,NA,NA,NA,NA,NA,NA,NA,NA,NA,NS,NS
Atan,S,`atan`,None,project,result,NA,NA,NA,NA,NA,NA,S,NA,NA,NA,NA,NA,NA,NA,NA,NA,NA,NA,NS,NS
Atan,S,`atan`,None,AST,input,NA,NA,NA,NA,NA,NA,S,NA,NA,NA,NA,NA,NA,NA,NA,NA,NA,NA,NS,NS
Atan,S,`atan`,None,AST,result,NA,NA,NA,NA,NA,NA,S,NA,NA,NA,NA,NA,NA,NA,NA,NA,NA,NA,NS,NS
Atanh,S,`atanh`,None,project,input,NA,NA,NA,NA,NA,NA,S,NA,NA,NA,NA,NA,NA,NA,NA,NA,NA,NA,NS,NS
Atanh,S,`atanh`,None,project,result,NA,NA,NA,NA,NA,NA,S,NA,NA,NA,NA,NA,NA,NA,NA,NA,NA,NA,NS,NS
Atanh,S,`atanh`,None,AST,input,NA,NA,NA,NA,NA,NA,S,NA,NA,NA,NA,NA,NA,NA,NA,NA,NA,NA,NS,NS
Atanh,S,`atanh`,None,AST,result,NA,NA,NA,NA,NA,NA,S,NA,NA,NA,NA,NA,NA,NA,NA,NA,NA,NA,NS,NS
AttributeReference,S, ,None,project,result,S,S,S,S,S,S,S,S,PS,S,S,S,S,NS,PS,PS,PS,NS,S,S
AttributeReference,S, ,None,AST,result,S,S,S,S,S,S,S,S,PS,S,NS,NS,NS,NS,NS,NS,NS,NS,S,S
BRound,S,`bround`,None,project,value,NA,S,S,S,S,PS,PS,NA,NA,NA,S,NA,NA,NA,NA,NA,NA,NA,NS,NS
BRound,S,`bround`,None,project,scale,NA,NA,NA,S,NA,NA,NA,NA,NA,NA,NA,NA,NA,NA,NA,NA,NA,NA,NS,NS
BRound,S,`bround`,None,project,result,NA,S,S,S,S,S,S,NA,NA,NA,S,NA,NA,NA,NA,NA,NA,NA,NS,NS
BitLength,S,`bit_length`,None,project,input,NA,NA,NA,NA,NA,NA,NA,NA,NA,S,NA,NA,NS,NA,NA,NA,NA,NA,NS,NS
BitLength,S,`bit_length`,None,project,result,NA,NA,NA,S,NA,NA,NA,NA,NA,NA,NA,NA,NA,NA,NA,NA,NA,NA,NS,NS
BitwiseAnd,S,`&`,None,project,lhs,NA,S,S,S,S,NA,NA,NA,NA,NA,NA,NA,NA,NA,NA,NA,NA,NA,NS,NS
BitwiseAnd,S,`&`,None,project,rhs,NA,S,S,S,S,NA,NA,NA,NA,NA,NA,NA,NA,NA,NA,NA,NA,NA,NS,NS
BitwiseAnd,S,`&`,None,project,result,NA,S,S,S,S,NA,NA,NA,NA,NA,NA,NA,NA,NA,NA,NA,NA,NA,NS,NS
BitwiseAnd,S,`&`,None,AST,lhs,NA,NS,NS,S,S,NA,NA,NA,NA,NA,NA,NA,NA,NA,NA,NA,NA,NA,NS,NS
BitwiseAnd,S,`&`,None,AST,rhs,NA,NS,NS,S,S,NA,NA,NA,NA,NA,NA,NA,NA,NA,NA,NA,NA,NA,NS,NS
BitwiseAnd,S,`&`,None,AST,result,NA,NS,NS,S,S,NA,NA,NA,NA,NA,NA,NA,NA,NA,NA,NA,NA,NA,NS,NS
BitwiseNot,S,`~`,None,project,input,NA,S,S,S,S,NA,NA,NA,NA,NA,NA,NA,NA,NA,NA,NA,NA,NA,NS,NS
BitwiseNot,S,`~`,None,project,result,NA,S,S,S,S,NA,NA,NA,NA,NA,NA,NA,NA,NA,NA,NA,NA,NA,NS,NS
BitwiseNot,S,`~`,None,AST,input,NA,NS,NS,S,S,NA,NA,NA,NA,NA,NA,NA,NA,NA,NA,NA,NA,NA,NS,NS
BitwiseNot,S,`~`,None,AST,result,NA,NS,NS,S,S,NA,NA,NA,NA,NA,NA,NA,NA,NA,NA,NA,NA,NA,NS,NS
BitwiseOr,S,`\|`,None,project,lhs,NA,S,S,S,S,NA,NA,NA,NA,NA,NA,NA,NA,NA,NA,NA,NA,NA,NS,NS
BitwiseOr,S,`\|`,None,project,rhs,NA,S,S,S,S,NA,NA,NA,NA,NA,NA,NA,NA,NA,NA,NA,NA,NA,NS,NS
BitwiseOr,S,`\|`,None,project,result,NA,S,S,S,S,NA,NA,NA,NA,NA,NA,NA,NA,NA,NA,NA,NA,NA,NS,NS
BitwiseOr,S,`\|`,None,AST,lhs,NA,NS,NS,S,S,NA,NA,NA,NA,NA,NA,NA,NA,NA,NA,NA,NA,NA,NS,NS
BitwiseOr,S,`\|`,None,AST,rhs,NA,NS,NS,S,S,NA,NA,NA,NA,NA,NA,NA,NA,NA,NA,NA,NA,NA,NS,NS
BitwiseOr,S,`\|`,None,AST,result,NA,NS,NS,S,S,NA,NA,NA,NA,NA,NA,NA,NA,NA,NA,NA,NA,NA,NS,NS
BitwiseXor,S,`^`,None,project,lhs,NA,S,S,S,S,NA,NA,NA,NA,NA,NA,NA,NA,NA,NA,NA,NA,NA,NS,NS
BitwiseXor,S,`^`,None,project,rhs,NA,S,S,S,S,NA,NA,NA,NA,NA,NA,NA,NA,NA,NA,NA,NA,NA,NS,NS
BitwiseXor,S,`^`,None,project,result,NA,S,S,S,S,NA,NA,NA,NA,NA,NA,NA,NA,NA,NA,NA,NA,NA,NS,NS
BitwiseXor,S,`^`,None,AST,lhs,NA,NS,NS,S,S,NA,NA,NA,NA,NA,NA,NA,NA,NA,NA,NA,NA,NA,NS,NS
BitwiseXor,S,`^`,None,AST,rhs,NA,NS,NS,S,S,NA,NA,NA,NA,NA,NA,NA,NA,NA,NA,NA,NA,NA,NS,NS
BitwiseXor,S,`^`,None,AST,result,NA,NS,NS,S,S,NA,NA,NA,NA,NA,NA,NA,NA,NA,NA,NA,NA,NA,NS,NS
BloomFilterMightContain,S,`might_contain`,None,project,lhs,NA,NA,NA,NA,NA,NA,NA,NA,NA,NA,NA,S,S,NA,NA,NA,NA,NA,NA,NA
BloomFilterMightContain,S,`might_contain`,None,project,rhs,NA,NA,NA,NA,S,NA,NA,NA,NA,NA,NA,S,NA,NA,NA,NA,NA,NA,NA,NA
BloomFilterMightContain,S,`might_contain`,None,project,result,S,NA,NA,NA,NA,NA,NA,NA,NA,NA,NA,NA,NA,NA,NA,NA,NA,NA,NA,NA
BoundReference,S, ,None,project,result,S,S,S,S,S,S,S,S,PS,S,S,S,S,NS,PS,PS,PS,NS,S,S
BoundReference,S, ,None,AST,result,S,S,S,S,S,S,S,S,PS,S,NS,NS,NS,NS,NS,NS,NS,NS,S,S
CaseWhen,S,`when`,None,project,predicate,S,NA,NA,NA,NA,NA,NA,NA,NA,NA,NA,NA,NA,NA,NA,NA,NA,NA,NS,NS
CaseWhen,S,`when`,None,project,value,S,S,S,S,S,S,S,S,PS,S,S,S,S,NS,PS,PS,PS,NS,NS,NS
CaseWhen,S,`when`,None,project,result,S,S,S,S,S,S,S,S,PS,S,S,S,S,NS,PS,PS,PS,NS,NS,NS
Cbrt,S,`cbrt`,None,project,input,NA,NA,NA,NA,NA,NA,S,NA,NA,NA,NA,NA,NA,NA,NA,NA,NA,NA,NS,NS
Cbrt,S,`cbrt`,None,project,result,NA,NA,NA,NA,NA,NA,S,NA,NA,NA,NA,NA,NA,NA,NA,NA,NA,NA,NS,NS
Cbrt,S,`cbrt`,None,AST,input,NA,NA,NA,NA,NA,NA,S,NA,NA,NA,NA,NA,NA,NA,NA,NA,NA,NA,NS,NS
Cbrt,S,`cbrt`,None,AST,result,NA,NA,NA,NA,NA,NA,S,NA,NA,NA,NA,NA,NA,NA,NA,NA,NA,NA,NS,NS
Ceil,S,`ceil`; `ceiling`,None,project,input,NA,NA,NA,NA,S,NA,S,NA,NA,NA,S,NA,NA,NA,NA,NA,NA,NA,NS,NS
Ceil,S,`ceil`; `ceiling`,None,project,result,NA,NA,NA,NA,S,NA,S,NA,NA,NA,S,NA,NA,NA,NA,NA,NA,NA,NS,NS
CheckOverflow,S, ,None,project,input,NA,NA,NA,NA,NA,NA,NA,NA,NA,NA,S,NA,NA,NA,NA,NA,NA,NA,NS,NS
CheckOverflow,S, ,None,project,result,NA,NA,NA,NA,NA,NA,NA,NA,NA,NA,S,NA,NA,NA,NA,NA,NA,NA,NS,NS
CheckOverflowInTableInsert,S, ,None,project,input,S,S,S,S,S,S,S,S,PS,S,S,S,S,S,PS,PS,PS,S,S,S
CheckOverflowInTableInsert,S, ,None,project,result,S,S,S,S,S,S,S,S,PS,S,S,S,S,S,PS,PS,PS,S,S,S
Coalesce,S,`coalesce`,None,project,param,S,S,S,S,S,S,S,S,PS,S,S,S,S,NS,PS,PS,PS,NS,S,S
Coalesce,S,`coalesce`,None,project,result,S,S,S,S,S,S,S,S,PS,S,S,S,S,NS,PS,PS,PS,NS,S,S
Concat,S,`concat`,None,project,input,NA,NA,NA,NA,NA,NA,NA,NA,NA,S,NA,NA,NS,NA,PS,NA,NA,NA,NS,NS
Concat,S,`concat`,None,project,result,NA,NA,NA,NA,NA,NA,NA,NA,NA,S,NA,NA,NS,NA,PS,NA,NA,NA,NS,NS
ConcatWs,S,`concat_ws`,None,project,input,NA,NA,NA,NA,NA,NA,NA,NA,NA,S,NA,NA,NA,NA,S,NA,NA,NA,NS,NS
ConcatWs,S,`concat_ws`,None,project,result,NA,NA,NA,NA,NA,NA,NA,NA,NA,S,NA,NA,NA,NA,NA,NA,NA,NA,NS,NS
Contains,S, ,None,project,src,NA,NA,NA,NA,NA,NA,NA,NA,NA,S,NA,NA,NA,NA,NA,NA,NA,NA,NS,NS
Contains,S, ,None,project,search,NA,NA,NA,NA,NA,NA,NA,NA,NA,PS,NA,NA,NA,NA,NA,NA,NA,NA,NS,NS
Contains,S, ,None,project,result,S,NA,NA,NA,NA,NA,NA,NA,NA,NA,NA,NA,NA,NA,NA,NA,NA,NA,NS,NS
Conv,NS,`conv`,This is disabled by default because GPU implementation is incomplete. We currently only support from/to_base values of 10 and 16. We fall back on CPU if the signed conversion is signalled via a negative to_base. GPU implementation does not check for an 64-bit signed/unsigned int overflow when performing the conversion to return `FFFFFFFFFFFFFFFF` or `18446744073709551615` or to throw an error in the ANSI mode. It is safe to enable if the overflow is not possible or detected externally. For instance decimal strings not longer than 18 characters / hexadecimal strings not longer than 15 characters disregarding the sign cannot cause an overflow.          ,project,num,NA,NA,NA,NA,NA,NA,NA,NA,NA,S,NA,NA,NA,NA,NA,NA,NA,NA,NS,NS
Conv,NS,`conv`,This is disabled by default because GPU implementation is incomplete. We currently only support from/to_base values of 10 and 16. We fall back on CPU if the signed conversion is signalled via a negative to_base. GPU implementation does not check for an 64-bit signed/unsigned int overflow when performing the conversion to return `FFFFFFFFFFFFFFFF` or `18446744073709551615` or to throw an error in the ANSI mode. It is safe to enable if the overflow is not possible or detected externally. For instance decimal strings not longer than 18 characters / hexadecimal strings not longer than 15 characters disregarding the sign cannot cause an overflow.          ,project,from_base,NA,PS,PS,PS,PS,NA,NA,NA,NA,NA,NA,NA,NA,NA,NA,NA,NA,NA,NS,NS
Conv,NS,`conv`,This is disabled by default because GPU implementation is incomplete. We currently only support from/to_base values of 10 and 16. We fall back on CPU if the signed conversion is signalled via a negative to_base. GPU implementation does not check for an 64-bit signed/unsigned int overflow when performing the conversion to return `FFFFFFFFFFFFFFFF` or `18446744073709551615` or to throw an error in the ANSI mode. It is safe to enable if the overflow is not possible or detected externally. For instance decimal strings not longer than 18 characters / hexadecimal strings not longer than 15 characters disregarding the sign cannot cause an overflow.          ,project,to_base,NA,PS,PS,PS,PS,NA,NA,NA,NA,NA,NA,NA,NA,NA,NA,NA,NA,NA,NS,NS
Conv,NS,`conv`,This is disabled by default because GPU implementation is incomplete. We currently only support from/to_base values of 10 and 16. We fall back on CPU if the signed conversion is signalled via a negative to_base. GPU implementation does not check for an 64-bit signed/unsigned int overflow when performing the conversion to return `FFFFFFFFFFFFFFFF` or `18446744073709551615` or to throw an error in the ANSI mode. It is safe to enable if the overflow is not possible or detected externally. For instance decimal strings not longer than 18 characters / hexadecimal strings not longer than 15 characters disregarding the sign cannot cause an overflow.          ,project,result,NA,NA,NA,NA,NA,NA,NA,NA,NA,S,NA,NA,NA,NA,NA,NA,NA,NA,NS,NS
Cos,S,`cos`,None,project,input,NA,NA,NA,NA,NA,NA,S,NA,NA,NA,NA,NA,NA,NA,NA,NA,NA,NA,NS,NS
Cos,S,`cos`,None,project,result,NA,NA,NA,NA,NA,NA,S,NA,NA,NA,NA,NA,NA,NA,NA,NA,NA,NA,NS,NS
Cos,S,`cos`,None,AST,input,NA,NA,NA,NA,NA,NA,S,NA,NA,NA,NA,NA,NA,NA,NA,NA,NA,NA,NS,NS
Cos,S,`cos`,None,AST,result,NA,NA,NA,NA,NA,NA,S,NA,NA,NA,NA,NA,NA,NA,NA,NA,NA,NA,NS,NS
Cosh,S,`cosh`,None,project,input,NA,NA,NA,NA,NA,NA,S,NA,NA,NA,NA,NA,NA,NA,NA,NA,NA,NA,NS,NS
Cosh,S,`cosh`,None,project,result,NA,NA,NA,NA,NA,NA,S,NA,NA,NA,NA,NA,NA,NA,NA,NA,NA,NA,NS,NS
Cosh,S,`cosh`,None,AST,input,NA,NA,NA,NA,NA,NA,S,NA,NA,NA,NA,NA,NA,NA,NA,NA,NA,NA,NS,NS
Cosh,S,`cosh`,None,AST,result,NA,NA,NA,NA,NA,NA,S,NA,NA,NA,NA,NA,NA,NA,NA,NA,NA,NA,NS,NS
Cot,S,`cot`,None,project,input,NA,NA,NA,NA,NA,NA,S,NA,NA,NA,NA,NA,NA,NA,NA,NA,NA,NA,NS,NS
Cot,S,`cot`,None,project,result,NA,NA,NA,NA,NA,NA,S,NA,NA,NA,NA,NA,NA,NA,NA,NA,NA,NA,NS,NS
Cot,S,`cot`,None,AST,input,NA,NA,NA,NA,NA,NA,S,NA,NA,NA,NA,NA,NA,NA,NA,NA,NA,NA,NS,NS
Cot,S,`cot`,None,AST,result,NA,NA,NA,NA,NA,NA,S,NA,NA,NA,NA,NA,NA,NA,NA,NA,NA,NA,NS,NS
CreateArray,S,`array`,None,project,arg,S,S,S,S,S,S,S,S,PS,S,S,S,S,NS,PS,NS,PS,NS,NS,NS
CreateArray,S,`array`,None,project,result,NA,NA,NA,NA,NA,NA,NA,NA,NA,NA,NA,NA,NA,NA,PS,NA,NA,NA,NS,NS
CreateMap,S,`map`,None,project,key,S,S,S,S,S,S,S,S,PS,S,S,S,NA,NA,PS,NA,PS,NA,NS,NS
CreateMap,S,`map`,None,project,value,S,S,S,S,S,S,S,S,PS,S,S,S,NA,NA,PS,PS,PS,NA,NS,NS
CreateNamedStruct,S,`named_struct`; `struct`,None,project,name,NA,NA,NA,NA,NA,NA,NA,NA,NA,S,NA,NA,NA,NA,NA,NA,NA,NA,NS,NS
CreateNamedStruct,S,`named_struct`; `struct`,None,project,value,S,S,S,S,S,S,S,S,PS,S,S,S,S,NS,PS,PS,PS,NS,NS,NS
CreateNamedStruct,S,`named_struct`; `struct`,None,project,result,NA,NA,NA,NA,NA,NA,NA,NA,NA,NA,NA,NA,NA,NA,NA,NA,PS,NA,NS,NS
CurrentRow$,S, ,None,project,result,NA,NA,NA,NA,NA,NA,NA,NA,NA,NA,NA,S,NA,NA,NA,NA,NA,NA,NS,NS
DateAdd,S,`date_add`; `dateadd`,None,project,startDate,NA,NA,NA,NA,NA,NA,NA,S,NA,NA,NA,NA,NA,NA,NA,NA,NA,NA,NS,NS
DateAdd,S,`date_add`; `dateadd`,None,project,days,NA,S,S,S,NA,NA,NA,NA,NA,NA,NA,NA,NA,NA,NA,NA,NA,NA,NS,NS
DateAdd,S,`date_add`; `dateadd`,None,project,result,NA,NA,NA,NA,NA,NA,NA,S,NA,NA,NA,NA,NA,NA,NA,NA,NA,NA,NS,NS
DateAddInterval,S, ,None,project,start,NA,NA,NA,NA,NA,NA,NA,S,NA,NA,NA,NA,NA,NA,NA,NA,NA,NA,NS,NS
DateAddInterval,S, ,None,project,interval,NA,NA,NA,NA,NA,NA,NA,NA,NA,NA,NA,NA,NA,PS,NA,NA,NA,NA,NS,NS
DateAddInterval,S, ,None,project,result,NA,NA,NA,NA,NA,NA,NA,S,NA,NA,NA,NA,NA,NA,NA,NA,NA,NA,NS,NS
DateDiff,S,`date_diff`; `datediff`,None,project,lhs,NA,NA,NA,NA,NA,NA,NA,S,NA,NA,NA,NA,NA,NA,NA,NA,NA,NA,NS,NS
DateDiff,S,`date_diff`; `datediff`,None,project,rhs,NA,NA,NA,NA,NA,NA,NA,S,NA,NA,NA,NA,NA,NA,NA,NA,NA,NA,NS,NS
DateDiff,S,`date_diff`; `datediff`,None,project,result,NA,NA,NA,S,NA,NA,NA,NA,NA,NA,NA,NA,NA,NA,NA,NA,NA,NA,NS,NS
DateFormatClass,S,`date_format`,None,project,timestamp,NA,NA,NA,NA,NA,NA,NA,NA,PS,NA,NA,NA,NA,NA,NA,NA,NA,NA,NS,NS
DateFormatClass,S,`date_format`,None,project,strfmt,NA,NA,NA,NA,NA,NA,NA,NA,NA,PS,NA,NA,NA,NA,NA,NA,NA,NA,NS,NS
DateFormatClass,S,`date_format`,None,project,result,NA,NA,NA,NA,NA,NA,NA,NA,NA,S,NA,NA,NA,NA,NA,NA,NA,NA,NS,NS
DateSub,S,`date_sub`,None,project,startDate,NA,NA,NA,NA,NA,NA,NA,S,NA,NA,NA,NA,NA,NA,NA,NA,NA,NA,NS,NS
DateSub,S,`date_sub`,None,project,days,NA,S,S,S,NA,NA,NA,NA,NA,NA,NA,NA,NA,NA,NA,NA,NA,NA,NS,NS
DateSub,S,`date_sub`,None,project,result,NA,NA,NA,NA,NA,NA,NA,S,NA,NA,NA,NA,NA,NA,NA,NA,NA,NA,NS,NS
DayOfMonth,S,`day`; `dayofmonth`,None,project,input,NA,NA,NA,NA,NA,NA,NA,S,NA,NA,NA,NA,NA,NA,NA,NA,NA,NA,NS,NS
DayOfMonth,S,`day`; `dayofmonth`,None,project,result,NA,NA,NA,S,NA,NA,NA,NA,NA,NA,NA,NA,NA,NA,NA,NA,NA,NA,NS,NS
DayOfWeek,S,`dayofweek`,None,project,input,NA,NA,NA,NA,NA,NA,NA,S,NA,NA,NA,NA,NA,NA,NA,NA,NA,NA,NS,NS
DayOfWeek,S,`dayofweek`,None,project,result,NA,NA,NA,S,NA,NA,NA,NA,NA,NA,NA,NA,NA,NA,NA,NA,NA,NA,NS,NS
DayOfYear,S,`dayofyear`,None,project,input,NA,NA,NA,NA,NA,NA,NA,S,NA,NA,NA,NA,NA,NA,NA,NA,NA,NA,NS,NS
DayOfYear,S,`dayofyear`,None,project,result,NA,NA,NA,S,NA,NA,NA,NA,NA,NA,NA,NA,NA,NA,NA,NA,NA,NA,NS,NS
DenseRank,S,`dense_rank`,None,window,ordering,S,S,S,S,S,S,S,S,PS,S,S,S,NS,NS,NS,NS,NS,NS,NS,NS
DenseRank,S,`dense_rank`,None,window,result,NA,NA,NA,S,NA,NA,NA,NA,NA,NA,NA,NA,NA,NA,NA,NA,NA,NA,NS,NS
Divide,S,`/`,None,project,lhs,NA,NA,NA,NA,NA,NA,S,NA,NA,NA,S,NA,NA,NA,NA,NA,NA,NA,NS,NS
Divide,S,`/`,None,project,rhs,NA,NA,NA,NA,NA,NA,S,NA,NA,NA,S,NA,NA,NA,NA,NA,NA,NA,NS,NS
Divide,S,`/`,None,project,result,NA,NA,NA,NA,NA,NA,S,NA,NA,NA,S,NA,NA,NA,NA,NA,NA,NA,NS,NS
DivideDTInterval,S, ,None,project,lhs,NA,NA,NA,NA,NA,NA,NA,NA,NA,NA,NA,NA,NA,NA,NA,NA,NA,NA,S,NA
DivideDTInterval,S, ,None,project,rhs,NA,S,S,S,S,S,S,NA,NA,NA,NS,NA,NA,NA,NA,NA,NA,NA,NA,NA
DivideDTInterval,S, ,None,project,result,NA,NA,NA,NA,NA,NA,NA,NA,NA,NA,NA,NA,NA,NA,NA,NA,NA,NA,S,NA
DivideYMInterval,S, ,None,project,lhs,NA,NA,NA,NA,NA,NA,NA,NA,NA,NA,NA,NA,NA,NA,NA,NA,NA,NA,NA,S
DivideYMInterval,S, ,None,project,rhs,NA,S,S,S,S,S,S,NA,NA,NA,NS,NA,NA,NA,NA,NA,NA,NA,NA,NA
DivideYMInterval,S, ,None,project,result,NA,NA,NA,NA,NA,NA,NA,NA,NA,NA,NA,NA,NA,NA,NA,NA,NA,NA,NA,S
DynamicPruningExpression,S, ,None,project,input,S,NA,NA,NA,NA,NA,NA,NA,NA,NA,NA,NA,NA,NA,NA,NA,NA,NA,NS,NS
DynamicPruningExpression,S, ,None,project,result,S,S,S,S,S,S,S,S,PS,S,S,S,S,S,PS,PS,PS,S,S,S
ElementAt,S,`element_at`,None,project,array/map,NA,NA,NA,NA,NA,NA,NA,NA,NA,NA,NA,NA,NA,NA,PS,PS,NA,NA,NS,NS
ElementAt,S,`element_at`,None,project,index/key,PS,PS,PS,S,PS,PS,PS,PS,PS,PS,PS,NS,NS,NS,NS,NS,NS,NS,NS,NS
ElementAt,S,`element_at`,None,project,result,S,S,S,S,S,S,S,S,PS,S,S,S,S,NS,PS,PS,PS,NS,NS,NS
EndsWith,S, ,None,project,src,NA,NA,NA,NA,NA,NA,NA,NA,NA,S,NA,NA,NA,NA,NA,NA,NA,NA,NS,NS
EndsWith,S, ,None,project,search,NA,NA,NA,NA,NA,NA,NA,NA,NA,PS,NA,NA,NA,NA,NA,NA,NA,NA,NS,NS
EndsWith,S, ,None,project,result,S,NA,NA,NA,NA,NA,NA,NA,NA,NA,NA,NA,NA,NA,NA,NA,NA,NA,NS,NS
EqualNullSafe,S,`<=>`,None,project,lhs,S,S,S,S,S,S,S,S,PS,S,S,S,NS,NS,NS,NA,PS,NS,NS,NS
EqualNullSafe,S,`<=>`,None,project,rhs,S,S,S,S,S,S,S,S,PS,S,S,S,NS,NS,NS,NA,PS,NS,NS,NS
EqualNullSafe,S,`<=>`,None,project,result,S,NA,NA,NA,NA,NA,NA,NA,NA,NA,NA,NA,NA,NA,NA,NA,NA,NA,NS,NS
EqualTo,S,`==`; `=`,None,project,lhs,S,S,S,S,S,S,S,S,PS,S,S,S,NS,NS,NS,NA,PS,NS,NS,NS
EqualTo,S,`==`; `=`,None,project,rhs,S,S,S,S,S,S,S,S,PS,S,S,S,NS,NS,NS,NA,PS,NS,NS,NS
EqualTo,S,`==`; `=`,None,project,result,S,NA,NA,NA,NA,NA,NA,NA,NA,NA,NA,NA,NA,NA,NA,NA,NA,NA,NS,NS
EqualTo,S,`==`; `=`,None,AST,lhs,S,S,S,S,S,NS,NS,S,PS,S,NS,NS,NS,NS,NS,NA,NS,NS,NS,NS
EqualTo,S,`==`; `=`,None,AST,rhs,S,S,S,S,S,NS,NS,S,PS,S,NS,NS,NS,NS,NS,NA,NS,NS,NS,NS
EqualTo,S,`==`; `=`,None,AST,result,S,NA,NA,NA,NA,NA,NA,NA,NA,NA,NA,NA,NA,NA,NA,NA,NA,NA,NS,NS
Exp,S,`exp`,None,project,input,NA,NA,NA,NA,NA,NA,S,NA,NA,NA,NA,NA,NA,NA,NA,NA,NA,NA,NS,NS
Exp,S,`exp`,None,project,result,NA,NA,NA,NA,NA,NA,S,NA,NA,NA,NA,NA,NA,NA,NA,NA,NA,NA,NS,NS
Exp,S,`exp`,None,AST,input,NA,NA,NA,NA,NA,NA,S,NA,NA,NA,NA,NA,NA,NA,NA,NA,NA,NA,NS,NS
Exp,S,`exp`,None,AST,result,NA,NA,NA,NA,NA,NA,S,NA,NA,NA,NA,NA,NA,NA,NA,NA,NA,NA,NS,NS
Explode,S,`explode_outer`; `explode`,None,project,input,NA,NA,NA,NA,NA,NA,NA,NA,NA,NA,NA,NA,NA,NA,PS,PS,NA,NA,NS,NS
Explode,S,`explode_outer`; `explode`,None,project,result,NA,NA,NA,NA,NA,NA,NA,NA,NA,NA,NA,NA,NA,NA,PS,NA,NA,NA,NS,NS
Expm1,S,`expm1`,None,project,input,NA,NA,NA,NA,NA,NA,S,NA,NA,NA,NA,NA,NA,NA,NA,NA,NA,NA,NS,NS
Expm1,S,`expm1`,None,project,result,NA,NA,NA,NA,NA,NA,S,NA,NA,NA,NA,NA,NA,NA,NA,NA,NA,NA,NS,NS
Expm1,S,`expm1`,None,AST,input,NA,NA,NA,NA,NA,NA,S,NA,NA,NA,NA,NA,NA,NA,NA,NA,NA,NA,NS,NS
Expm1,S,`expm1`,None,AST,result,NA,NA,NA,NA,NA,NA,S,NA,NA,NA,NA,NA,NA,NA,NA,NA,NA,NA,NS,NS
Flatten,S,`flatten`,None,project,input,NA,NA,NA,NA,NA,NA,NA,NA,NA,NA,NA,NA,NA,NA,PS,NA,NA,NA,NS,NS
Flatten,S,`flatten`,None,project,result,NA,NA,NA,NA,NA,NA,NA,NA,NA,NA,NA,NA,NA,NA,PS,NA,NA,NA,NS,NS
Floor,S,`floor`,None,project,input,NA,NA,NA,NA,S,NA,S,NA,NA,NA,S,NA,NA,NA,NA,NA,NA,NA,NS,NS
Floor,S,`floor`,None,project,result,NA,NA,NA,NA,S,NA,S,NA,NA,NA,S,NA,NA,NA,NA,NA,NA,NA,NS,NS
FormatNumber,S,`format_number`,None,project,x,NA,S,S,S,S,S,S,NA,NA,NA,S,NA,NA,NA,NA,NA,NA,NA,NS,NS
FormatNumber,S,`format_number`,None,project,d,NA,NA,NA,PS,NA,NA,NA,NA,NA,NS,NA,NA,NA,NA,NA,NA,NA,NA,NS,NS
FormatNumber,S,`format_number`,None,project,result,NA,NA,NA,NA,NA,NA,NA,NA,NA,S,NA,NA,NA,NA,NA,NA,NA,NA,NS,NS
FromUTCTimestamp,S,`from_utc_timestamp`,None,project,timestamp,NA,NA,NA,NA,NA,NA,NA,NA,PS,NA,NA,NA,NA,NA,NA,NA,NA,NA,NS,NS
FromUTCTimestamp,S,`from_utc_timestamp`,None,project,timezone,NA,NA,NA,NA,NA,NA,NA,NA,NA,PS,NA,NA,NA,NA,NA,NA,NA,NA,NS,NS
FromUTCTimestamp,S,`from_utc_timestamp`,None,project,result,NA,NA,NA,NA,NA,NA,NA,NA,PS,NA,NA,NA,NA,NA,NA,NA,NA,NA,NS,NS
FromUnixTime,S,`from_unixtime`,None,project,sec,NA,NA,NA,NA,S,NA,NA,NA,NA,NA,NA,NA,NA,NA,NA,NA,NA,NA,NS,NS
FromUnixTime,S,`from_unixtime`,None,project,format,NA,NA,NA,NA,NA,NA,NA,NA,NA,PS,NA,NA,NA,NA,NA,NA,NA,NA,NS,NS
FromUnixTime,S,`from_unixtime`,None,project,result,NA,NA,NA,NA,NA,NA,NA,NA,NA,S,NA,NA,NA,NA,NA,NA,NA,NA,NS,NS
GetArrayItem,S, ,None,project,array,NA,NA,NA,NA,NA,NA,NA,NA,NA,NA,NA,NA,NA,NA,PS,NA,NA,NA,NS,NS
GetArrayItem,S, ,None,project,ordinal,NA,S,S,S,S,NA,NA,NA,NA,NA,NA,NA,NA,NA,NA,NA,NA,NA,NS,NS
GetArrayItem,S, ,None,project,result,S,S,S,S,S,S,S,S,PS,S,S,S,S,NS,PS,PS,PS,NS,NS,NS
GetArrayStructFields,S, ,None,project,input,NA,NA,NA,NA,NA,NA,NA,NA,NA,NA,NA,NA,NA,NA,PS,NA,NA,NA,NS,NS
GetArrayStructFields,S, ,None,project,result,NA,NA,NA,NA,NA,NA,NA,NA,NA,NA,NA,NA,NA,NA,PS,NA,NA,NA,NS,NS
GetJsonObject,S,`get_json_object`,None,project,json,NA,NA,NA,NA,NA,NA,NA,NA,NA,S,NA,NA,NA,NA,NA,NA,NA,NA,NA,NA
GetJsonObject,S,`get_json_object`,None,project,path,NA,NA,NA,NA,NA,NA,NA,NA,NA,PS,NA,NA,NA,NA,NA,NA,NA,NA,NA,NA
GetJsonObject,S,`get_json_object`,None,project,result,NA,NA,NA,NA,NA,NA,NA,NA,NA,S,NA,NA,NA,NA,NA,NA,NA,NA,NA,NA
GetMapValue,S, ,None,project,map,NA,NA,NA,NA,NA,NA,NA,NA,NA,NA,NA,NA,NA,NA,NA,PS,NA,NA,NS,NS
GetMapValue,S, ,None,project,key,S,S,S,S,S,S,S,S,PS,S,S,NS,NS,NS,NS,NS,NS,NS,NS,NS
GetMapValue,S, ,None,project,result,S,S,S,S,S,S,S,S,PS,S,S,S,S,NS,PS,PS,PS,NS,NS,NS
GetStructField,S, ,None,project,input,NA,NA,NA,NA,NA,NA,NA,NA,NA,NA,NA,NA,NA,NA,NA,NA,PS,NA,NS,NS
GetStructField,S, ,None,project,result,S,S,S,S,S,S,S,S,PS,S,S,S,S,NS,PS,PS,PS,NS,NS,NS
GetTimestamp,S, ,None,project,timeExp,NA,NA,NA,NA,NA,NA,NA,S,PS,S,NA,NA,NA,NA,NA,NA,NA,NA,NS,NS
GetTimestamp,S, ,None,project,format,NA,NA,NA,NA,NA,NA,NA,NA,NA,PS,NA,NA,NA,NA,NA,NA,NA,NA,NS,NS
GetTimestamp,S, ,None,project,result,NA,NA,NA,NA,NA,NA,NA,NA,PS,NA,NA,NA,NA,NA,NA,NA,NA,NA,NS,NS
GreaterThan,S,`>`,None,project,lhs,S,S,S,S,S,S,S,S,PS,S,S,S,NS,NS,NS,NA,PS,NS,NS,NS
GreaterThan,S,`>`,None,project,rhs,S,S,S,S,S,S,S,S,PS,S,S,S,NS,NS,NS,NA,PS,NS,NS,NS
GreaterThan,S,`>`,None,project,result,S,NA,NA,NA,NA,NA,NA,NA,NA,NA,NA,NA,NA,NA,NA,NA,NA,NA,NS,NS
GreaterThan,S,`>`,None,AST,lhs,S,S,S,S,S,NS,NS,S,PS,S,NS,NS,NS,NS,NS,NA,NS,NS,NS,NS
GreaterThan,S,`>`,None,AST,rhs,S,S,S,S,S,NS,NS,S,PS,S,NS,NS,NS,NS,NS,NA,NS,NS,NS,NS
GreaterThan,S,`>`,None,AST,result,S,NA,NA,NA,NA,NA,NA,NA,NA,NA,NA,NA,NA,NA,NA,NA,NA,NA,NS,NS
GreaterThanOrEqual,S,`>=`,None,project,lhs,S,S,S,S,S,S,S,S,PS,S,S,S,NS,NS,NS,NA,PS,NS,NS,NS
GreaterThanOrEqual,S,`>=`,None,project,rhs,S,S,S,S,S,S,S,S,PS,S,S,S,NS,NS,NS,NA,PS,NS,NS,NS
GreaterThanOrEqual,S,`>=`,None,project,result,S,NA,NA,NA,NA,NA,NA,NA,NA,NA,NA,NA,NA,NA,NA,NA,NA,NA,NS,NS
GreaterThanOrEqual,S,`>=`,None,AST,lhs,S,S,S,S,S,NS,NS,S,PS,S,NS,NS,NS,NS,NS,NA,NS,NS,NS,NS
GreaterThanOrEqual,S,`>=`,None,AST,rhs,S,S,S,S,S,NS,NS,S,PS,S,NS,NS,NS,NS,NS,NA,NS,NS,NS,NS
GreaterThanOrEqual,S,`>=`,None,AST,result,S,NA,NA,NA,NA,NA,NA,NA,NA,NA,NA,NA,NA,NA,NA,NA,NA,NA,NS,NS
Greatest,S,`greatest`,None,project,param,S,S,S,S,S,S,S,S,PS,S,S,S,NS,NS,NS,NA,NS,NS,NS,NS
Greatest,S,`greatest`,None,project,result,S,S,S,S,S,S,S,S,PS,S,S,S,NS,NS,NS,NA,NS,NS,NS,NS
HiveHash,S,`hive-hash`,None,project,input,S,S,S,S,S,S,S,S,PS,S,NS,S,NS,NS,NS,NS,NS,NS,NS,NS
HiveHash,S,`hive-hash`,None,project,result,NA,NA,NA,S,NA,NA,NA,NA,NA,NA,NA,NA,NA,NA,NA,NA,NA,NA,NS,NS
Hour,S,`hour`,None,project,input,NA,NA,NA,NA,NA,NA,NA,NA,PS,NA,NA,NA,NA,NA,NA,NA,NA,NA,NS,NS
Hour,S,`hour`,None,project,result,NA,NA,NA,S,NA,NA,NA,NA,NA,NA,NA,NA,NA,NA,NA,NA,NA,NA,NS,NS
Hypot,S,`hypot`,None,project,lhs,NA,NA,NA,NA,NA,NA,S,NA,NA,NA,NA,NA,NA,NA,NA,NA,NA,NA,NS,NS
Hypot,S,`hypot`,None,project,rhs,NA,NA,NA,NA,NA,NA,S,NA,NA,NA,NA,NA,NA,NA,NA,NA,NA,NA,NS,NS
Hypot,S,`hypot`,None,project,result,NA,NA,NA,NA,NA,NA,S,NA,NA,NA,NA,NA,NA,NA,NA,NA,NA,NA,NS,NS
If,S,`if`,None,project,predicate,S,NA,NA,NA,NA,NA,NA,NA,NA,NA,NA,NA,NA,NA,NA,NA,NA,NA,NS,NS
If,S,`if`,None,project,trueValue,S,S,S,S,S,S,S,S,PS,S,S,S,S,NS,PS,PS,PS,NS,S,S
If,S,`if`,None,project,falseValue,S,S,S,S,S,S,S,S,PS,S,S,S,S,NS,PS,PS,PS,NS,S,S
If,S,`if`,None,project,result,S,S,S,S,S,S,S,S,PS,S,S,S,S,NS,PS,PS,PS,NS,S,S
In,S,`in`,None,project,value,S,S,S,S,S,S,S,S,PS,S,S,S,NS,NS,NS,NA,NS,NS,NS,NS
In,S,`in`,None,project,list,PS,PS,PS,PS,PS,PS,PS,PS,PS,PS,PS,NS,NS,NS,NS,NA,NS,NS,NS,NS
In,S,`in`,None,project,result,S,NA,NA,NA,NA,NA,NA,NA,NA,NA,NA,NA,NA,NA,NA,NA,NA,NA,NS,NS
InSet,S, ,None,project,input,S,S,S,S,S,S,S,S,PS,S,S,S,NS,NS,NS,NA,NS,NS,NS,NS
InSet,S, ,None,project,result,S,NA,NA,NA,NA,NA,NA,NA,NA,NA,NA,NA,NA,NA,NA,NA,NA,NA,NS,NS
InitCap,S,`initcap`,None,project,input,NA,NA,NA,NA,NA,NA,NA,NA,NA,S,NA,NA,NA,NA,NA,NA,NA,NA,NS,NS
InitCap,S,`initcap`,None,project,result,NA,NA,NA,NA,NA,NA,NA,NA,NA,S,NA,NA,NA,NA,NA,NA,NA,NA,NS,NS
InputFileBlockLength,S,`input_file_block_length`,None,project,result,NA,NA,NA,NA,S,NA,NA,NA,NA,NA,NA,NA,NA,NA,NA,NA,NA,NA,NS,NS
InputFileBlockStart,S,`input_file_block_start`,None,project,result,NA,NA,NA,NA,S,NA,NA,NA,NA,NA,NA,NA,NA,NA,NA,NA,NA,NA,NS,NS
InputFileName,S,`input_file_name`,None,project,result,NA,NA,NA,NA,NA,NA,NA,NA,NA,S,NA,NA,NA,NA,NA,NA,NA,NA,NS,NS
IntegralDivide,S,`div`,None,project,lhs,NA,NA,NA,NA,S,NA,NA,NA,NA,NA,S,NA,NA,NA,NA,NA,NA,NA,NS,NS
IntegralDivide,S,`div`,None,project,rhs,NA,NA,NA,NA,S,NA,NA,NA,NA,NA,S,NA,NA,NA,NA,NA,NA,NA,NS,NS
IntegralDivide,S,`div`,None,project,result,NA,NA,NA,NA,S,NA,NA,NA,NA,NA,NA,NA,NA,NA,NA,NA,NA,NA,NS,NS
IsNaN,S,`isnan`,None,project,input,NA,NA,NA,NA,NA,S,S,NA,NA,NA,NA,NA,NA,NA,NA,NA,NA,NA,NS,NS
IsNaN,S,`isnan`,None,project,result,S,NA,NA,NA,NA,NA,NA,NA,NA,NA,NA,NA,NA,NA,NA,NA,NA,NA,NS,NS
IsNotNull,S,`isnotnull`,None,project,input,S,S,S,S,S,S,S,S,PS,S,S,S,S,NS,PS,PS,PS,NS,S,NS
IsNotNull,S,`isnotnull`,None,project,result,S,NA,NA,NA,NA,NA,NA,NA,NA,NA,NA,NA,NA,NA,NA,NA,NA,NA,NS,NS
IsNull,S,`isnull`,None,project,input,S,S,S,S,S,S,S,S,PS,S,S,S,S,NS,PS,PS,PS,NS,S,NS
IsNull,S,`isnull`,None,project,result,S,NA,NA,NA,NA,NA,NA,NA,NA,NA,NA,NA,NA,NA,NA,NA,NA,NA,NS,NS
JsonToStructs,NS,`from_json`,This is disabled by default because it is currently in beta and undergoes continuous enhancements. Please consult the [compatibility documentation](../compatibility.md#json-supporting-types) to determine whether you can enable this configuration for your use case,project,jsonStr,NA,NA,NA,NA,NA,NA,NA,NA,NA,S,NA,NA,NA,NA,NA,NA,NA,NA,NS,NS
JsonToStructs,NS,`from_json`,This is disabled by default because it is currently in beta and undergoes continuous enhancements. Please consult the [compatibility documentation](../compatibility.md#json-supporting-types) to determine whether you can enable this configuration for your use case,project,result,NA,NA,NA,NA,NA,NA,NA,NA,NA,NA,NA,NA,NA,NA,NS,PS,PS,NA,NS,NS
JsonTuple,NS,`json_tuple`,This is disabled by default because Experimental feature that could be unstable or have performance issues.,project,json,NA,NA,NA,NA,NA,NA,NA,NA,NA,S,NA,NA,NA,NA,NA,NA,NA,NA,NS,NS
JsonTuple,NS,`json_tuple`,This is disabled by default because Experimental feature that could be unstable or have performance issues.,project,field,NA,NA,NA,NA,NA,NA,NA,NA,NA,PS,NA,NA,NA,NA,NA,NA,NA,NA,NS,NS
JsonTuple,NS,`json_tuple`,This is disabled by default because Experimental feature that could be unstable or have performance issues.,project,result,NA,NA,NA,NA,NA,NA,NA,NA,NA,NA,NA,NA,NA,NA,S,NA,NA,NA,NS,NS
KnownFloatingPointNormalized,S, ,None,project,input,S,S,S,S,S,S,S,S,PS,S,S,S,S,S,PS,PS,PS,S,S,S
KnownFloatingPointNormalized,S, ,None,project,result,S,S,S,S,S,S,S,S,PS,S,S,S,S,S,PS,PS,PS,S,S,S
KnownNotNull,S, ,None,project,input,S,S,S,S,S,S,S,S,PS,S,S,NS,S,S,PS,PS,PS,NS,NS,NS
KnownNotNull,S, ,None,project,result,S,S,S,S,S,S,S,S,PS,S,S,NS,S,S,PS,PS,PS,NS,NS,NS
Lag,S,`lag`,None,window,input,S,S,S,S,S,S,S,S,PS,S,S,S,NS,NS,PS,NS,PS,NS,NS,NS
Lag,S,`lag`,None,window,offset,NA,NA,NA,S,NA,NA,NA,NA,NA,NA,NA,NA,NA,NA,NA,NA,NA,NA,NS,NS
Lag,S,`lag`,None,window,default,S,S,S,S,S,S,S,S,PS,S,S,S,NS,NS,PS,NS,PS,NS,NS,NS
Lag,S,`lag`,None,window,result,S,S,S,S,S,S,S,S,PS,S,S,S,NS,NS,PS,NS,PS,NS,NS,NS
LambdaFunction,S, ,None,project,function,S,S,S,S,S,S,S,S,PS,S,S,S,NS,NS,PS,PS,PS,NS,NS,NS
LambdaFunction,S, ,None,project,arguments,S,S,S,S,S,S,S,S,PS,S,S,S,NS,NS,PS,PS,PS,NS,NS,NS
LambdaFunction,S, ,None,project,result,S,S,S,S,S,S,S,S,PS,S,S,S,NS,NS,PS,PS,PS,NS,NS,NS
LastDay,S,`last_day`,None,project,input,NA,NA,NA,NA,NA,NA,NA,S,NA,NA,NA,NA,NA,NA,NA,NA,NA,NA,NS,NS
LastDay,S,`last_day`,None,project,result,NA,NA,NA,NA,NA,NA,NA,S,NA,NA,NA,NA,NA,NA,NA,NA,NA,NA,NS,NS
Lead,S,`lead`,None,window,input,S,S,S,S,S,S,S,S,PS,S,S,S,NS,NS,PS,NS,PS,NS,NS,NS
Lead,S,`lead`,None,window,offset,NA,NA,NA,S,NA,NA,NA,NA,NA,NA,NA,NA,NA,NA,NA,NA,NA,NA,NS,NS
Lead,S,`lead`,None,window,default,S,S,S,S,S,S,S,S,PS,S,S,S,NS,NS,PS,NS,PS,NS,NS,NS
Lead,S,`lead`,None,window,result,S,S,S,S,S,S,S,S,PS,S,S,S,NS,NS,PS,NS,PS,NS,NS,NS
Least,S,`least`,None,project,param,S,S,S,S,S,S,S,S,PS,S,S,S,NS,NS,NS,NA,NS,NS,NS,NS
Least,S,`least`,None,project,result,S,S,S,S,S,S,S,S,PS,S,S,S,NS,NS,NS,NA,NS,NS,NS,NS
Length,S,`char_length`; `character_length`; `len`; `length`,None,project,input,NA,NA,NA,NA,NA,NA,NA,NA,NA,S,NA,NA,NS,NA,NA,NA,NA,NA,NS,NS
Length,S,`char_length`; `character_length`; `len`; `length`,None,project,result,NA,NA,NA,S,NA,NA,NA,NA,NA,NA,NA,NA,NA,NA,NA,NA,NA,NA,NS,NS
LessThan,S,`<`,None,project,lhs,S,S,S,S,S,S,S,S,PS,S,S,S,NS,NS,NS,NA,PS,NS,NS,NS
LessThan,S,`<`,None,project,rhs,S,S,S,S,S,S,S,S,PS,S,S,S,NS,NS,NS,NA,PS,NS,NS,NS
LessThan,S,`<`,None,project,result,S,NA,NA,NA,NA,NA,NA,NA,NA,NA,NA,NA,NA,NA,NA,NA,NA,NA,NS,NS
LessThan,S,`<`,None,AST,lhs,S,S,S,S,S,NS,NS,S,PS,S,NS,NS,NS,NS,NS,NA,NS,NS,NS,NS
LessThan,S,`<`,None,AST,rhs,S,S,S,S,S,NS,NS,S,PS,S,NS,NS,NS,NS,NS,NA,NS,NS,NS,NS
LessThan,S,`<`,None,AST,result,S,NA,NA,NA,NA,NA,NA,NA,NA,NA,NA,NA,NA,NA,NA,NA,NA,NA,NS,NS
LessThanOrEqual,S,`<=`,None,project,lhs,S,S,S,S,S,S,S,S,PS,S,S,S,NS,NS,NS,NA,PS,NS,NS,NS
LessThanOrEqual,S,`<=`,None,project,rhs,S,S,S,S,S,S,S,S,PS,S,S,S,NS,NS,NS,NA,PS,NS,NS,NS
LessThanOrEqual,S,`<=`,None,project,result,S,NA,NA,NA,NA,NA,NA,NA,NA,NA,NA,NA,NA,NA,NA,NA,NA,NA,NS,NS
LessThanOrEqual,S,`<=`,None,AST,lhs,S,S,S,S,S,NS,NS,S,PS,S,NS,NS,NS,NS,NS,NA,NS,NS,NS,NS
LessThanOrEqual,S,`<=`,None,AST,rhs,S,S,S,S,S,NS,NS,S,PS,S,NS,NS,NS,NS,NS,NA,NS,NS,NS,NS
LessThanOrEqual,S,`<=`,None,AST,result,S,NA,NA,NA,NA,NA,NA,NA,NA,NA,NA,NA,NA,NA,NA,NA,NA,NA,NS,NS
Like,S,`like`,None,project,src,NA,NA,NA,NA,NA,NA,NA,NA,NA,S,NA,NA,NA,NA,NA,NA,NA,NA,NS,NS
Like,S,`like`,None,project,search,NA,NA,NA,NA,NA,NA,NA,NA,NA,PS,NA,NA,NA,NA,NA,NA,NA,NA,NS,NS
Like,S,`like`,None,project,result,S,NA,NA,NA,NA,NA,NA,NA,NA,NA,NA,NA,NA,NA,NA,NA,NA,NA,NS,NS
Literal,S, ,None,project,result,S,S,S,S,S,S,S,S,PS,S,S,S,S,S,PS,PS,PS,NS,S,S
Literal,S, ,None,AST,result,S,S,S,S,S,S,S,S,PS,S,NS,NS,NS,NS,NS,NS,NS,NS,NS,NS
Log,S,`ln`,None,project,input,NA,NA,NA,NA,NA,NA,S,NA,NA,NA,NA,NA,NA,NA,NA,NA,NA,NA,NS,NS
Log,S,`ln`,None,project,result,NA,NA,NA,NA,NA,NA,S,NA,NA,NA,NA,NA,NA,NA,NA,NA,NA,NA,NS,NS
Log10,S,`log10`,None,project,input,NA,NA,NA,NA,NA,NA,S,NA,NA,NA,NA,NA,NA,NA,NA,NA,NA,NA,NS,NS
Log10,S,`log10`,None,project,result,NA,NA,NA,NA,NA,NA,S,NA,NA,NA,NA,NA,NA,NA,NA,NA,NA,NA,NS,NS
Log1p,S,`log1p`,None,project,input,NA,NA,NA,NA,NA,NA,S,NA,NA,NA,NA,NA,NA,NA,NA,NA,NA,NA,NS,NS
Log1p,S,`log1p`,None,project,result,NA,NA,NA,NA,NA,NA,S,NA,NA,NA,NA,NA,NA,NA,NA,NA,NA,NA,NS,NS
Log2,S,`log2`,None,project,input,NA,NA,NA,NA,NA,NA,S,NA,NA,NA,NA,NA,NA,NA,NA,NA,NA,NA,NS,NS
Log2,S,`log2`,None,project,result,NA,NA,NA,NA,NA,NA,S,NA,NA,NA,NA,NA,NA,NA,NA,NA,NA,NA,NS,NS
Logarithm,S,`log`,None,project,value,NA,NA,NA,NA,NA,NA,S,NA,NA,NA,NA,NA,NA,NA,NA,NA,NA,NA,NS,NS
Logarithm,S,`log`,None,project,base,NA,NA,NA,NA,NA,NA,S,NA,NA,NA,NA,NA,NA,NA,NA,NA,NA,NA,NS,NS
Logarithm,S,`log`,None,project,result,NA,NA,NA,NA,NA,NA,S,NA,NA,NA,NA,NA,NA,NA,NA,NA,NA,NA,NS,NS
Lower,S,`lcase`; `lower`,None,project,input,NA,NA,NA,NA,NA,NA,NA,NA,NA,S,NA,NA,NA,NA,NA,NA,NA,NA,NS,NS
Lower,S,`lcase`; `lower`,None,project,result,NA,NA,NA,NA,NA,NA,NA,NA,NA,S,NA,NA,NA,NA,NA,NA,NA,NA,NS,NS
MakeDecimal,S, ,None,project,input,NA,NA,NA,NA,S,NA,NA,NA,NA,NA,NA,NA,NA,NA,NA,NA,NA,NA,NS,NS
MakeDecimal,S, ,None,project,result,NA,NA,NA,NA,NA,NA,NA,NA,NA,NA,PS,NA,NA,NA,NA,NA,NA,NA,NS,NS
MapConcat,S,`map_concat`,None,project,input,NA,NA,NA,NA,NA,NA,NA,NA,NA,NA,NA,NA,NA,NA,NA,PS,NA,NA,NS,NS
MapConcat,S,`map_concat`,None,project,result,NA,NA,NA,NA,NA,NA,NA,NA,NA,NA,NA,NA,NA,NA,NA,PS,NA,NA,NS,NS
MapEntries,S,`map_entries`,None,project,input,NA,NA,NA,NA,NA,NA,NA,NA,NA,NA,NA,NA,NA,NA,NA,PS,NA,NA,NS,NS
MapEntries,S,`map_entries`,None,project,result,NA,NA,NA,NA,NA,NA,NA,NA,NA,NA,NA,NA,NA,NA,PS,NA,NA,NA,NS,NS
MapFilter,S,`map_filter`,None,project,argument,NA,NA,NA,NA,NA,NA,NA,NA,NA,NA,NA,NA,NA,NA,NA,PS,NA,NA,NS,NS
MapFilter,S,`map_filter`,None,project,function,S,NA,NA,NA,NA,NA,NA,NA,NA,NA,NA,NA,NA,NA,NA,NA,NA,NA,NS,NS
MapFilter,S,`map_filter`,None,project,result,NA,NA,NA,NA,NA,NA,NA,NA,NA,NA,NA,NA,NA,NA,NA,PS,NA,NA,NS,NS
MapFromArrays,S,`map_from_arrays`,None,project,keys,NA,NA,NA,NA,NA,NA,NA,NA,NA,NA,NA,NA,NA,NA,PS,NA,NA,NA,NA,NA
MapFromArrays,S,`map_from_arrays`,None,project,values,NA,NA,NA,NA,NA,NA,NA,NA,NA,NA,NA,NA,NA,NA,PS,NA,NA,NA,NA,NA
MapFromArrays,S,`map_from_arrays`,None,project,result,NA,NA,NA,NA,NA,NA,NA,NA,NA,NA,NA,NA,NA,NA,NA,PS,NA,NA,NA,NA
MapKeys,S,`map_keys`,None,project,input,NA,NA,NA,NA,NA,NA,NA,NA,NA,NA,NA,NA,NA,NA,NA,PS,NA,NA,NS,NS
MapKeys,S,`map_keys`,None,project,result,NA,NA,NA,NA,NA,NA,NA,NA,NA,NA,NA,NA,NA,NA,PS,NA,NA,NA,NS,NS
MapValues,S,`map_values`,None,project,input,NA,NA,NA,NA,NA,NA,NA,NA,NA,NA,NA,NA,NA,NA,NA,PS,NA,NA,NS,NS
MapValues,S,`map_values`,None,project,result,NA,NA,NA,NA,NA,NA,NA,NA,NA,NA,NA,NA,NA,NA,PS,NA,NA,NA,NS,NS
Md5,S,`md5`,None,project,input,NA,NA,NA,NA,NA,NA,NA,NA,NA,NA,NA,NA,S,NA,NA,NA,NA,NA,NS,NS
Md5,S,`md5`,None,project,result,NA,NA,NA,NA,NA,NA,NA,NA,NA,S,NA,NA,NA,NA,NA,NA,NA,NA,NS,NS
MicrosToTimestamp,S,`timestamp_micros`,None,project,input,NA,S,S,S,S,NA,NA,NA,NA,NA,NA,NA,NA,NA,NA,NA,NA,NA,NS,NS
MicrosToTimestamp,S,`timestamp_micros`,None,project,result,NA,NA,NA,NA,NA,NA,NA,NA,PS,NA,NA,NA,NA,NA,NA,NA,NA,NA,NS,NS
MillisToTimestamp,S,`timestamp_millis`,None,project,input,NA,S,S,S,S,NA,NA,NA,NA,NA,NA,NA,NA,NA,NA,NA,NA,NA,NS,NS
MillisToTimestamp,S,`timestamp_millis`,None,project,result,NA,NA,NA,NA,NA,NA,NA,NA,PS,NA,NA,NA,NA,NA,NA,NA,NA,NA,NS,NS
Minute,S,`minute`,None,project,input,NA,NA,NA,NA,NA,NA,NA,NA,PS,NA,NA,NA,NA,NA,NA,NA,NA,NA,NS,NS
Minute,S,`minute`,None,project,result,NA,NA,NA,S,NA,NA,NA,NA,NA,NA,NA,NA,NA,NA,NA,NA,NA,NA,NS,NS
MonotonicallyIncreasingID,S,`monotonically_increasing_id`,None,project,result,NA,NA,NA,NA,S,NA,NA,NA,NA,NA,NA,NA,NA,NA,NA,NA,NA,NA,NS,NS
Month,S,`month`,None,project,input,NA,NA,NA,NA,NA,NA,NA,S,NA,NA,NA,NA,NA,NA,NA,NA,NA,NA,NS,NS
Month,S,`month`,None,project,result,NA,NA,NA,S,NA,NA,NA,NA,NA,NA,NA,NA,NA,NA,NA,NA,NA,NA,NS,NS
Multiply,S,`*`,None,project,lhs,NA,S,S,S,S,S,S,NA,NA,NA,S,NA,NA,NA,NA,NA,NA,NA,NS,NS
Multiply,S,`*`,None,project,rhs,NA,S,S,S,S,S,S,NA,NA,NA,S,NA,NA,NA,NA,NA,NA,NA,NS,NS
Multiply,S,`*`,None,project,result,NA,S,S,S,S,S,S,NA,NA,NA,S,NA,NA,NA,NA,NA,NA,NA,NS,NS
Multiply,S,`*`,None,AST,lhs,NA,NS,NS,S,S,S,S,NA,NA,NA,NS,NA,NA,NA,NA,NA,NA,NA,NS,NS
Multiply,S,`*`,None,AST,rhs,NA,NS,NS,S,S,S,S,NA,NA,NA,NS,NA,NA,NA,NA,NA,NA,NA,NS,NS
Multiply,S,`*`,None,AST,result,NA,NS,NS,S,S,S,S,NA,NA,NA,NS,NA,NA,NA,NA,NA,NA,NA,NS,NS
MultiplyDTInterval,S, ,None,project,lhs,NA,NA,NA,NA,NA,NA,NA,NA,NA,NA,NA,NA,NA,NA,NA,NA,NA,NA,S,NA
MultiplyDTInterval,S, ,None,project,rhs,NA,S,S,S,S,S,S,NA,NA,NA,NS,NA,NA,NA,NA,NA,NA,NA,NA,NA
MultiplyDTInterval,S, ,None,project,result,NA,NA,NA,NA,NA,NA,NA,NA,NA,NA,NA,NA,NA,NA,NA,NA,NA,NA,S,NA
MultiplyYMInterval,S, ,None,project,lhs,NA,NA,NA,NA,NA,NA,NA,NA,NA,NA,NA,NA,NA,NA,NA,NA,NA,NA,NA,S
MultiplyYMInterval,S, ,None,project,rhs,NA,S,S,S,S,S,S,NA,NA,NA,NS,NA,NA,NA,NA,NA,NA,NA,NA,NA
MultiplyYMInterval,S, ,None,project,result,NA,NA,NA,NA,NA,NA,NA,NA,NA,NA,NA,NA,NA,NA,NA,NA,NA,NA,NA,S
Murmur3Hash,S,`hash`,None,project,input,S,S,S,S,S,S,S,S,PS,S,S,S,NS,NS,PS,NS,PS,NS,NS,NS
Murmur3Hash,S,`hash`,None,project,result,NA,NA,NA,S,NA,NA,NA,NA,NA,NA,NA,NA,NA,NA,NA,NA,NA,NA,NS,NS
NaNvl,S,`nanvl`,None,project,lhs,NA,NA,NA,NA,NA,S,S,NA,NA,NA,NA,NA,NA,NA,NA,NA,NA,NA,NS,NS
NaNvl,S,`nanvl`,None,project,rhs,NA,NA,NA,NA,NA,S,S,NA,NA,NA,NA,NA,NA,NA,NA,NA,NA,NA,NS,NS
NaNvl,S,`nanvl`,None,project,result,NA,NA,NA,NA,NA,S,S,NA,NA,NA,NA,NA,NA,NA,NA,NA,NA,NA,NS,NS
NamedLambdaVariable,S, ,None,project,result,S,S,S,S,S,S,S,S,PS,S,S,S,NS,NS,PS,PS,PS,NS,NS,NS
Not,S,`!`; `not`,None,project,input,S,NA,NA,NA,NA,NA,NA,NA,NA,NA,NA,NA,NA,NA,NA,NA,NA,NA,NS,NS
Not,S,`!`; `not`,None,project,result,S,NA,NA,NA,NA,NA,NA,NA,NA,NA,NA,NA,NA,NA,NA,NA,NA,NA,NS,NS
Not,S,`!`; `not`,None,AST,input,S,NA,NA,NA,NA,NA,NA,NA,NA,NA,NA,NA,NA,NA,NA,NA,NA,NA,NS,NS
Not,S,`!`; `not`,None,AST,result,S,NA,NA,NA,NA,NA,NA,NA,NA,NA,NA,NA,NA,NA,NA,NA,NA,NA,NS,NS
NthValue,S,`nth_value`,None,window,input,S,S,S,S,S,S,S,S,PS,S,S,S,S,NS,PS,PS,PS,NS,NS,NS
NthValue,S,`nth_value`,None,window,offset,NA,NA,NA,S,NA,NA,NA,NA,NA,NA,NA,NA,NA,NA,NA,NA,NA,NA,NS,NS
NthValue,S,`nth_value`,None,window,result,S,S,S,S,S,S,S,S,PS,S,S,S,S,NS,PS,PS,PS,NS,NS,NS
OctetLength,S,`octet_length`,None,project,input,NA,NA,NA,NA,NA,NA,NA,NA,NA,S,NA,NA,NS,NA,NA,NA,NA,NA,NS,NS
OctetLength,S,`octet_length`,None,project,result,NA,NA,NA,S,NA,NA,NA,NA,NA,NA,NA,NA,NA,NA,NA,NA,NA,NA,NS,NS
Or,S,`or`,None,project,lhs,S,NA,NA,NA,NA,NA,NA,NA,NA,NA,NA,NA,NA,NA,NA,NA,NA,NA,NS,NS
Or,S,`or`,None,project,rhs,S,NA,NA,NA,NA,NA,NA,NA,NA,NA,NA,NA,NA,NA,NA,NA,NA,NA,NS,NS
Or,S,`or`,None,project,result,S,NA,NA,NA,NA,NA,NA,NA,NA,NA,NA,NA,NA,NA,NA,NA,NA,NA,NS,NS
Or,S,`or`,None,AST,lhs,S,NA,NA,NA,NA,NA,NA,NA,NA,NA,NA,NA,NA,NA,NA,NA,NA,NA,NS,NS
Or,S,`or`,None,AST,rhs,S,NA,NA,NA,NA,NA,NA,NA,NA,NA,NA,NA,NA,NA,NA,NA,NA,NA,NS,NS
Or,S,`or`,None,AST,result,S,NA,NA,NA,NA,NA,NA,NA,NA,NA,NA,NA,NA,NA,NA,NA,NA,NA,NS,NS
ParseUrl,S,`parse_url`,None,project,url,NA,NA,NA,NA,NA,NA,NA,NA,NA,S,NA,NA,NA,NA,NA,NA,NA,NA,NS,NS
ParseUrl,S,`parse_url`,None,project,partToExtract,NA,NA,NA,NA,NA,NA,NA,NA,NA,PS,NA,NA,NA,NA,NA,NA,NA,NA,NS,NS
ParseUrl,S,`parse_url`,None,project,key,NA,NA,NA,NA,NA,NA,NA,NA,NA,S,NA,NA,NA,NA,NA,NA,NA,NA,NS,NS
ParseUrl,S,`parse_url`,None,project,result,NA,NA,NA,NA,NA,NA,NA,NA,NA,S,NA,NA,NA,NA,NA,NA,NA,NA,NS,NS
PercentRank,S,`percent_rank`,None,window,ordering,S,S,S,S,S,S,S,S,PS,S,S,S,NS,NS,NS,NS,NS,NS,NS,NS
PercentRank,S,`percent_rank`,None,window,result,NA,NA,NA,NA,NA,NA,S,NA,NA,NA,NA,NA,NA,NA,NA,NA,NA,NA,NS,NS
Pmod,S,`pmod`,None,project,lhs,NA,S,S,S,S,S,S,NA,NA,NA,PS,NA,NA,NA,NA,NA,NA,NA,NS,NS
Pmod,S,`pmod`,None,project,rhs,NA,S,S,S,S,S,S,NA,NA,NA,NS,NA,NA,NA,NA,NA,NA,NA,NS,NS
Pmod,S,`pmod`,None,project,result,NA,S,S,S,S,S,S,NA,NA,NA,NS,NA,NA,NA,NA,NA,NA,NA,NS,NS
PosExplode,S,`posexplode_outer`; `posexplode`,None,project,input,NA,NA,NA,NA,NA,NA,NA,NA,NA,NA,NA,NA,NA,NA,PS,PS,NA,NA,NS,NS
PosExplode,S,`posexplode_outer`; `posexplode`,None,project,result,NA,NA,NA,NA,NA,NA,NA,NA,NA,NA,NA,NA,NA,NA,PS,NA,NA,NA,NS,NS
Pow,S,`pow`; `power`,None,project,lhs,NA,NA,NA,NA,NA,NA,S,NA,NA,NA,NA,NA,NA,NA,NA,NA,NA,NA,NS,NS
Pow,S,`pow`; `power`,None,project,rhs,NA,NA,NA,NA,NA,NA,S,NA,NA,NA,NA,NA,NA,NA,NA,NA,NA,NA,NS,NS
Pow,S,`pow`; `power`,None,project,result,NA,NA,NA,NA,NA,NA,S,NA,NA,NA,NA,NA,NA,NA,NA,NA,NA,NA,NS,NS
Pow,S,`pow`; `power`,None,AST,lhs,NA,NA,NA,NA,NA,NA,S,NA,NA,NA,NA,NA,NA,NA,NA,NA,NA,NA,NS,NS
Pow,S,`pow`; `power`,None,AST,rhs,NA,NA,NA,NA,NA,NA,S,NA,NA,NA,NA,NA,NA,NA,NA,NA,NA,NA,NS,NS
Pow,S,`pow`; `power`,None,AST,result,NA,NA,NA,NA,NA,NA,S,NA,NA,NA,NA,NA,NA,NA,NA,NA,NA,NA,NS,NS
PreciseTimestampConversion,S, ,None,project,input,NA,NA,NA,NA,S,NA,NA,NA,PS,NA,NA,NA,NA,NA,NA,NA,NA,NA,NS,NS
PreciseTimestampConversion,S, ,None,project,result,NA,NA,NA,NA,S,NA,NA,NA,PS,NA,NA,NA,NA,NA,NA,NA,NA,NA,NS,NS
PromotePrecision,S,`promote_precision`,None,project,input,NA,NA,NA,NA,NA,NA,NA,NA,NA,NA,S,NA,NA,NA,NA,NA,NA,NA,NS,NS
PromotePrecision,S,`promote_precision`,None,project,result,NA,NA,NA,NA,NA,NA,NA,NA,NA,NA,S,NA,NA,NA,NA,NA,NA,NA,NS,NS
PythonUDF,S, ,None,aggregation,param,S,S,S,S,S,S,S,S,PS,S,NS,NS,NS,NS,PS,NS,PS,NS,NS,NS
PythonUDF,S, ,None,aggregation,result,S,S,S,S,S,S,S,S,PS,S,NS,NS,NS,NA,PS,NS,PS,NA,NS,NS
PythonUDF,S, ,None,reduction,param,S,S,S,S,S,S,S,S,PS,S,NS,NS,NS,NS,PS,NS,PS,NS,NS,NS
PythonUDF,S, ,None,reduction,result,S,S,S,S,S,S,S,S,PS,S,NS,NS,NS,NA,PS,NS,PS,NA,NS,NS
PythonUDF,S, ,None,window,param,S,S,S,S,S,S,S,S,PS,S,NS,NS,NS,NS,PS,NS,PS,NS,NS,NS
PythonUDF,S, ,None,window,result,S,S,S,S,S,S,S,S,PS,S,NS,NS,NS,NA,PS,NS,PS,NA,NS,NS
PythonUDF,S, ,None,project,param,S,S,S,S,S,S,S,S,PS,S,NS,NS,NS,NS,PS,NS,PS,NS,NS,NS
PythonUDF,S, ,None,project,result,S,S,S,S,S,S,S,S,PS,S,NS,NS,NS,NA,PS,NS,PS,NA,NS,NS
Quarter,S,`quarter`,None,project,input,NA,NA,NA,NA,NA,NA,NA,S,NA,NA,NA,NA,NA,NA,NA,NA,NA,NA,NS,NS
Quarter,S,`quarter`,None,project,result,NA,NA,NA,S,NA,NA,NA,NA,NA,NA,NA,NA,NA,NA,NA,NA,NA,NA,NS,NS
RLike,S,`regexp_like`; `regexp`; `rlike`,None,project,str,NA,NA,NA,NA,NA,NA,NA,NA,NA,S,NA,NA,NA,NA,NA,NA,NA,NA,NS,NS
RLike,S,`regexp_like`; `regexp`; `rlike`,None,project,regexp,NA,NA,NA,NA,NA,NA,NA,NA,NA,PS,NA,NA,NA,NA,NA,NA,NA,NA,NS,NS
RLike,S,`regexp_like`; `regexp`; `rlike`,None,project,result,S,NA,NA,NA,NA,NA,NA,NA,NA,NA,NA,NA,NA,NA,NA,NA,NA,NA,NS,NS
RaiseError,S,`raise_error`,None,project,input,NA,NA,NA,NA,NA,NA,NA,NA,NA,S,NA,NA,NA,NA,NA,NA,NA,NA,NS,NS
RaiseError,S,`raise_error`,None,project,result,NA,NA,NA,NA,NA,NA,NA,NA,NA,NA,NA,S,NA,NA,NA,NA,NA,NA,NS,NS
Rand,S,`rand`; `random`,None,project,seed,NA,NA,NA,S,S,NA,NA,NA,NA,NA,NA,NA,NA,NA,NA,NA,NA,NA,NS,NS
Rand,S,`rand`; `random`,None,project,result,NA,NA,NA,NA,NA,NA,S,NA,NA,NA,NA,NA,NA,NA,NA,NA,NA,NA,NS,NS
Rank,S,`rank`,None,window,ordering,S,S,S,S,S,S,S,S,PS,S,S,S,NS,NS,NS,NS,NS,NS,NS,NS
Rank,S,`rank`,None,window,result,NA,NA,NA,S,NA,NA,NA,NA,NA,NA,NA,NA,NA,NA,NA,NA,NA,NA,NS,NS
RegExpExtract,S,`regexp_extract`,None,project,str,NA,NA,NA,NA,NA,NA,NA,NA,NA,S,NA,NA,NA,NA,NA,NA,NA,NA,NS,NS
RegExpExtract,S,`regexp_extract`,None,project,regexp,NA,NA,NA,NA,NA,NA,NA,NA,NA,PS,NA,NA,NA,NA,NA,NA,NA,NA,NS,NS
RegExpExtract,S,`regexp_extract`,None,project,idx,NA,NA,NA,S,NA,NA,NA,NA,NA,NA,NA,NA,NA,NA,NA,NA,NA,NA,NS,NS
RegExpExtract,S,`regexp_extract`,None,project,result,NA,NA,NA,NA,NA,NA,NA,NA,NA,S,NA,NA,NA,NA,NA,NA,NA,NA,NS,NS
RegExpExtractAll,S,`regexp_extract_all`,None,project,str,NA,NA,NA,NA,NA,NA,NA,NA,NA,S,NA,NA,NA,NA,NA,NA,NA,NA,NS,NS
RegExpExtractAll,S,`regexp_extract_all`,None,project,regexp,NA,NA,NA,NA,NA,NA,NA,NA,NA,PS,NA,NA,NA,NA,NA,NA,NA,NA,NS,NS
RegExpExtractAll,S,`regexp_extract_all`,None,project,idx,NA,NA,NA,PS,NA,NA,NA,NA,NA,NA,NA,NA,NA,NA,NA,NA,NA,NA,NS,NS
RegExpExtractAll,S,`regexp_extract_all`,None,project,result,NA,NA,NA,NA,NA,NA,NA,NA,NA,NA,NA,NA,NA,NA,S,NA,NA,NA,NS,NS
RegExpReplace,S,`regexp_replace`,None,project,regex,NA,NA,NA,NA,NA,NA,NA,NA,NA,PS,NA,NA,NA,NA,NA,NA,NA,NA,NS,NS
RegExpReplace,S,`regexp_replace`,None,project,result,NA,NA,NA,NA,NA,NA,NA,NA,NA,S,NA,NA,NA,NA,NA,NA,NA,NA,NS,NS
RegExpReplace,S,`regexp_replace`,None,project,pos,NA,NA,NA,PS,NA,NA,NA,NA,NA,NA,NA,NA,NA,NA,NA,NA,NA,NA,NS,NS
RegExpReplace,S,`regexp_replace`,None,project,str,NA,NA,NA,NA,NA,NA,NA,NA,NA,S,NA,NA,NA,NA,NA,NA,NA,NA,NS,NS
RegExpReplace,S,`regexp_replace`,None,project,rep,NA,NA,NA,NA,NA,NA,NA,NA,NA,PS,NA,NA,NA,NA,NA,NA,NA,NA,NS,NS
Remainder,S,`%`; `mod`,None,project,lhs,NA,S,S,S,S,S,S,NA,NA,NA,S,NA,NA,NA,NA,NA,NA,NA,NS,NS
Remainder,S,`%`; `mod`,None,project,rhs,NA,S,S,S,S,S,S,NA,NA,NA,S,NA,NA,NA,NA,NA,NA,NA,NS,NS
Remainder,S,`%`; `mod`,None,project,result,NA,S,S,S,S,S,S,NA,NA,NA,S,NA,NA,NA,NA,NA,NA,NA,NS,NS
ReplicateRows,S, ,None,project,input,S,S,S,S,S,S,S,S,PS,S,S,S,NS,NS,PS,NS,PS,NS,NS,NS
ReplicateRows,S, ,None,project,result,NA,NA,NA,NA,NA,NA,NA,NA,NA,NA,NA,NA,NA,NA,PS,NA,NA,NA,NS,NS
Reverse,S,`reverse`,None,project,input,NA,NA,NA,NA,NA,NA,NA,NA,NA,S,NA,NA,NA,NA,PS,NA,NA,NA,NS,NS
Reverse,S,`reverse`,None,project,result,NA,NA,NA,NA,NA,NA,NA,NA,NA,S,NA,NA,NA,NA,PS,NA,NA,NA,NS,NS
Rint,S,`rint`,None,project,input,NA,NA,NA,NA,NA,NA,S,NA,NA,NA,NA,NA,NA,NA,NA,NA,NA,NA,NS,NS
Rint,S,`rint`,None,project,result,NA,NA,NA,NA,NA,NA,S,NA,NA,NA,NA,NA,NA,NA,NA,NA,NA,NA,NS,NS
Rint,S,`rint`,None,AST,input,NA,NA,NA,NA,NA,NA,S,NA,NA,NA,NA,NA,NA,NA,NA,NA,NA,NA,NS,NS
Rint,S,`rint`,None,AST,result,NA,NA,NA,NA,NA,NA,S,NA,NA,NA,NA,NA,NA,NA,NA,NA,NA,NA,NS,NS
Round,S,`round`,None,project,value,NA,S,S,S,S,PS,PS,NA,NA,NA,S,NA,NA,NA,NA,NA,NA,NA,NS,NS
Round,S,`round`,None,project,scale,NA,NA,NA,S,NA,NA,NA,NA,NA,NA,NA,NA,NA,NA,NA,NA,NA,NA,NS,NS
Round,S,`round`,None,project,result,NA,S,S,S,S,S,S,NA,NA,NA,S,NA,NA,NA,NA,NA,NA,NA,NS,NS
RoundCeil,S,`ceil`,None,project,value,NA,S,S,S,S,PS,PS,NA,NA,NA,S,NA,NA,NA,NA,NA,NA,NA,NA,NA
RoundCeil,S,`ceil`,None,project,scale,NA,NA,NA,S,NA,NA,NA,NA,NA,NA,NA,NA,NA,NA,NA,NA,NA,NA,NA,NA
RoundCeil,S,`ceil`,None,project,result,NA,S,S,S,S,S,S,NA,NA,NA,S,NA,NA,NA,NA,NA,NA,NA,NA,NA
RoundFloor,S,`floor`,None,project,value,NA,S,S,S,S,PS,PS,NA,NA,NA,S,NA,NA,NA,NA,NA,NA,NA,NA,NA
RoundFloor,S,`floor`,None,project,scale,NA,NA,NA,S,NA,NA,NA,NA,NA,NA,NA,NA,NA,NA,NA,NA,NA,NA,NA,NA
RoundFloor,S,`floor`,None,project,result,NA,S,S,S,S,S,S,NA,NA,NA,S,NA,NA,NA,NA,NA,NA,NA,NA,NA
RowNumber,S,`row_number`,None,window,result,NA,NA,NA,S,NA,NA,NA,NA,NA,NA,NA,NA,NA,NA,NA,NA,NA,NA,NS,NS
ScalaUDF,S, ,None,project,param,S,S,S,S,S,S,S,S,PS,S,S,S,S,S,PS,PS,PS,NS,NS,NS
ScalaUDF,S, ,None,project,result,S,S,S,S,S,S,S,S,PS,S,S,S,S,S,PS,PS,PS,NS,NS,NS
Second,S,`second`,None,project,input,NA,NA,NA,NA,NA,NA,NA,NA,PS,NA,NA,NA,NA,NA,NA,NA,NA,NA,NS,NS
Second,S,`second`,None,project,result,NA,NA,NA,S,NA,NA,NA,NA,NA,NA,NA,NA,NA,NA,NA,NA,NA,NA,NS,NS
SecondsToTimestamp,S,`timestamp_seconds`,None,project,input,NA,S,S,S,S,S,S,NA,NA,NA,S,NA,NA,NA,NA,NA,NA,NA,NS,NS
SecondsToTimestamp,S,`timestamp_seconds`,None,project,result,NA,NA,NA,NA,NA,NA,NA,NA,PS,NA,NA,NA,NA,NA,NA,NA,NA,NA,NS,NS
Sequence,S,`sequence`,None,project,start,NA,S,S,S,S,NA,NA,NS,NS,NA,NA,NA,NA,NA,NA,NA,NA,NA,NS,NS
Sequence,S,`sequence`,None,project,stop,NA,S,S,S,S,NA,NA,NS,NS,NA,NA,NA,NA,NA,NA,NA,NA,NA,NS,NS
Sequence,S,`sequence`,None,project,step,NA,S,S,S,S,NA,NA,NA,NA,NA,NA,NA,NA,NS,NA,NA,NA,NA,NS,NS
Sequence,S,`sequence`,None,project,result,NA,NA,NA,NA,NA,NA,NA,NA,NA,NA,NA,NA,NA,NA,PS,NA,NA,NA,NS,NS
ShiftLeft,S,`<<`; `shiftleft`,None,project,value,NA,NA,NA,S,S,NA,NA,NA,NA,NA,NA,NA,NA,NA,NA,NA,NA,NA,NS,NS
ShiftLeft,S,`<<`; `shiftleft`,None,project,amount,NA,NA,NA,S,NA,NA,NA,NA,NA,NA,NA,NA,NA,NA,NA,NA,NA,NA,NS,NS
ShiftLeft,S,`<<`; `shiftleft`,None,project,result,NA,NA,NA,S,S,NA,NA,NA,NA,NA,NA,NA,NA,NA,NA,NA,NA,NA,NS,NS
ShiftRight,S,`>>`; `shiftright`,None,project,value,NA,NA,NA,S,S,NA,NA,NA,NA,NA,NA,NA,NA,NA,NA,NA,NA,NA,NS,NS
ShiftRight,S,`>>`; `shiftright`,None,project,amount,NA,NA,NA,S,NA,NA,NA,NA,NA,NA,NA,NA,NA,NA,NA,NA,NA,NA,NS,NS
ShiftRight,S,`>>`; `shiftright`,None,project,result,NA,NA,NA,S,S,NA,NA,NA,NA,NA,NA,NA,NA,NA,NA,NA,NA,NA,NS,NS
ShiftRightUnsigned,S,`>>>`; `shiftrightunsigned`,None,project,value,NA,NA,NA,S,S,NA,NA,NA,NA,NA,NA,NA,NA,NA,NA,NA,NA,NA,NS,NS
ShiftRightUnsigned,S,`>>>`; `shiftrightunsigned`,None,project,amount,NA,NA,NA,S,NA,NA,NA,NA,NA,NA,NA,NA,NA,NA,NA,NA,NA,NA,NS,NS
ShiftRightUnsigned,S,`>>>`; `shiftrightunsigned`,None,project,result,NA,NA,NA,S,S,NA,NA,NA,NA,NA,NA,NA,NA,NA,NA,NA,NA,NA,NS,NS
Signum,S,`sign`; `signum`,None,project,input,NA,NA,NA,NA,NA,NA,S,NA,NA,NA,NA,NA,NA,NA,NA,NA,NA,NA,NS,NS
Signum,S,`sign`; `signum`,None,project,result,NA,NA,NA,NA,NA,NA,S,NA,NA,NA,NA,NA,NA,NA,NA,NA,NA,NA,NS,NS
Sin,S,`sin`,None,project,input,NA,NA,NA,NA,NA,NA,S,NA,NA,NA,NA,NA,NA,NA,NA,NA,NA,NA,NS,NS
Sin,S,`sin`,None,project,result,NA,NA,NA,NA,NA,NA,S,NA,NA,NA,NA,NA,NA,NA,NA,NA,NA,NA,NS,NS
Sin,S,`sin`,None,AST,input,NA,NA,NA,NA,NA,NA,S,NA,NA,NA,NA,NA,NA,NA,NA,NA,NA,NA,NS,NS
Sin,S,`sin`,None,AST,result,NA,NA,NA,NA,NA,NA,S,NA,NA,NA,NA,NA,NA,NA,NA,NA,NA,NA,NS,NS
Sinh,S,`sinh`,None,project,input,NA,NA,NA,NA,NA,NA,S,NA,NA,NA,NA,NA,NA,NA,NA,NA,NA,NA,NS,NS
Sinh,S,`sinh`,None,project,result,NA,NA,NA,NA,NA,NA,S,NA,NA,NA,NA,NA,NA,NA,NA,NA,NA,NA,NS,NS
Sinh,S,`sinh`,None,AST,input,NA,NA,NA,NA,NA,NA,S,NA,NA,NA,NA,NA,NA,NA,NA,NA,NA,NA,NS,NS
Sinh,S,`sinh`,None,AST,result,NA,NA,NA,NA,NA,NA,S,NA,NA,NA,NA,NA,NA,NA,NA,NA,NA,NA,NS,NS
Size,S,`cardinality`; `size`,None,project,input,NA,NA,NA,NA,NA,NA,NA,NA,NA,NA,NA,NA,NA,NA,PS,PS,NA,NA,NS,NS
Size,S,`cardinality`; `size`,None,project,result,NA,NA,NA,S,NA,NA,NA,NA,NA,NA,NA,NA,NA,NA,NA,NA,NA,NA,NS,NS
SortArray,S,`sort_array`,None,project,array,NA,NA,NA,NA,NA,NA,NA,NA,NA,NA,NA,NA,NA,NA,PS,NA,NA,NA,NS,NS
SortArray,S,`sort_array`,None,project,ascendingOrder,S,NA,NA,NA,NA,NA,NA,NA,NA,NA,NA,NA,NA,NA,NA,NA,NA,NA,NS,NS
SortArray,S,`sort_array`,None,project,result,NA,NA,NA,NA,NA,NA,NA,NA,NA,NA,NA,NA,NA,NA,PS,NA,NA,NA,NS,NS
SortOrder,S, ,None,project,input,S,S,S,S,S,S,S,S,PS,S,S,S,NS,NS,PS,NA,PS,NS,NS,NS
SortOrder,S, ,None,project,result,S,S,S,S,S,S,S,S,PS,S,S,S,NS,NS,PS,NA,PS,NS,NS,NS
SparkPartitionID,S,`spark_partition_id`,None,project,result,NA,NA,NA,S,NA,NA,NA,NA,NA,NA,NA,NA,NA,NA,NA,NA,NA,NA,NS,NS
SpecifiedWindowFrame,S, ,None,project,lower,NA,S,S,S,S,S,S,NA,NA,NA,S,NA,NA,S,NA,NA,NA,NA,S,NS
SpecifiedWindowFrame,S, ,None,project,upper,NA,S,S,S,S,S,S,NA,NA,NA,S,NA,NA,S,NA,NA,NA,NA,S,NS
SpecifiedWindowFrame,S, ,None,project,result,NA,S,S,S,S,NS,NS,NA,NA,NA,NS,NA,NA,S,NA,NA,NA,NA,S,NS
Sqrt,S,`sqrt`,None,project,input,NA,NA,NA,NA,NA,NA,S,NA,NA,NA,NA,NA,NA,NA,NA,NA,NA,NA,NS,NS
Sqrt,S,`sqrt`,None,project,result,NA,NA,NA,NA,NA,NA,S,NA,NA,NA,NA,NA,NA,NA,NA,NA,NA,NA,NS,NS
Sqrt,S,`sqrt`,None,AST,input,NA,NA,NA,NA,NA,NA,S,NA,NA,NA,NA,NA,NA,NA,NA,NA,NA,NA,NS,NS
Sqrt,S,`sqrt`,None,AST,result,NA,NA,NA,NA,NA,NA,S,NA,NA,NA,NA,NA,NA,NA,NA,NA,NA,NA,NS,NS
Stack,S,`stack`,None,project,n,NA,NA,NA,PS,NA,NA,NA,NA,NA,NA,NA,NA,NA,NA,NA,NA,NA,NA,NS,NS
Stack,S,`stack`,None,project,expr,S,S,S,S,S,S,S,S,PS,S,S,S,NS,NS,PS,PS,PS,NS,NS,NS
Stack,S,`stack`,None,project,result,NA,NA,NA,NA,NA,NA,NA,NA,NA,NA,NA,NA,NA,NA,PS,NA,NA,NA,NS,NS
StartsWith,S, ,None,project,src,NA,NA,NA,NA,NA,NA,NA,NA,NA,S,NA,NA,NA,NA,NA,NA,NA,NA,NS,NS
StartsWith,S, ,None,project,search,NA,NA,NA,NA,NA,NA,NA,NA,NA,PS,NA,NA,NA,NA,NA,NA,NA,NA,NS,NS
StartsWith,S, ,None,project,result,S,NA,NA,NA,NA,NA,NA,NA,NA,NA,NA,NA,NA,NA,NA,NA,NA,NA,NS,NS
StringInstr,S,`instr`,None,project,str,NA,NA,NA,NA,NA,NA,NA,NA,NA,S,NA,NA,NA,NA,NA,NA,NA,NA,NS,NS
StringInstr,S,`instr`,None,project,substr,NA,NA,NA,NA,NA,NA,NA,NA,NA,PS,NA,NA,NA,NA,NA,NA,NA,NA,NS,NS
StringInstr,S,`instr`,None,project,result,NA,NA,NA,S,NA,NA,NA,NA,NA,NA,NA,NA,NA,NA,NA,NA,NA,NA,NS,NS
StringLPad,S,`lpad`,None,project,str,NA,NA,NA,NA,NA,NA,NA,NA,NA,S,NA,NA,NA,NA,NA,NA,NA,NA,NS,NS
StringLPad,S,`lpad`,None,project,len,NA,NA,NA,PS,NA,NA,NA,NA,NA,NA,NA,NA,NA,NA,NA,NA,NA,NA,NS,NS
StringLPad,S,`lpad`,None,project,pad,NA,NA,NA,NA,NA,NA,NA,NA,NA,PS,NA,NA,NA,NA,NA,NA,NA,NA,NS,NS
StringLPad,S,`lpad`,None,project,result,NA,NA,NA,NA,NA,NA,NA,NA,NA,S,NA,NA,NA,NA,NA,NA,NA,NA,NS,NS
StringLocate,S,`locate`; `position`,None,project,substr,NA,NA,NA,NA,NA,NA,NA,NA,NA,PS,NA,NA,NA,NA,NA,NA,NA,NA,NS,NS
StringLocate,S,`locate`; `position`,None,project,str,NA,NA,NA,NA,NA,NA,NA,NA,NA,S,NA,NA,NA,NA,NA,NA,NA,NA,NS,NS
StringLocate,S,`locate`; `position`,None,project,start,NA,NA,NA,PS,NA,NA,NA,NA,NA,NA,NA,NA,NA,NA,NA,NA,NA,NA,NS,NS
StringLocate,S,`locate`; `position`,None,project,result,NA,NA,NA,S,NA,NA,NA,NA,NA,NA,NA,NA,NA,NA,NA,NA,NA,NA,NS,NS
StringRPad,S,`rpad`,None,project,str,NA,NA,NA,NA,NA,NA,NA,NA,NA,S,NA,NA,NA,NA,NA,NA,NA,NA,NS,NS
StringRPad,S,`rpad`,None,project,len,NA,NA,NA,PS,NA,NA,NA,NA,NA,NA,NA,NA,NA,NA,NA,NA,NA,NA,NS,NS
StringRPad,S,`rpad`,None,project,pad,NA,NA,NA,NA,NA,NA,NA,NA,NA,PS,NA,NA,NA,NA,NA,NA,NA,NA,NS,NS
StringRPad,S,`rpad`,None,project,result,NA,NA,NA,NA,NA,NA,NA,NA,NA,S,NA,NA,NA,NA,NA,NA,NA,NA,NS,NS
StringRepeat,S,`repeat`,None,project,input,NA,NA,NA,NA,NA,NA,NA,NA,NA,S,NA,NA,NA,NA,NA,NA,NA,NA,NS,NS
StringRepeat,S,`repeat`,None,project,repeatTimes,NA,NA,NA,S,NA,NA,NA,NA,NA,NA,NA,NA,NA,NA,NA,NA,NA,NA,NS,NS
StringRepeat,S,`repeat`,None,project,result,NA,NA,NA,NA,NA,NA,NA,NA,NA,S,NA,NA,NA,NA,NA,NA,NA,NA,NS,NS
StringReplace,S,`replace`,None,project,src,NA,NA,NA,NA,NA,NA,NA,NA,NA,S,NA,NA,NA,NA,NA,NA,NA,NA,NS,NS
StringReplace,S,`replace`,None,project,search,NA,NA,NA,NA,NA,NA,NA,NA,NA,PS,NA,NA,NA,NA,NA,NA,NA,NA,NS,NS
StringReplace,S,`replace`,None,project,replace,NA,NA,NA,NA,NA,NA,NA,NA,NA,PS,NA,NA,NA,NA,NA,NA,NA,NA,NS,NS
StringReplace,S,`replace`,None,project,result,NA,NA,NA,NA,NA,NA,NA,NA,NA,S,NA,NA,NA,NA,NA,NA,NA,NA,NS,NS
StringSplit,S,`split`,None,project,str,NA,NA,NA,NA,NA,NA,NA,NA,NA,S,NA,NA,NA,NA,NA,NA,NA,NA,NS,NS
StringSplit,S,`split`,None,project,regexp,NA,NA,NA,NA,NA,NA,NA,NA,NA,PS,NA,NA,NA,NA,NA,NA,NA,NA,NS,NS
StringSplit,S,`split`,None,project,limit,NA,NA,NA,PS,NA,NA,NA,NA,NA,NA,NA,NA,NA,NA,NA,NA,NA,NA,NS,NS
StringSplit,S,`split`,None,project,result,NA,NA,NA,NA,NA,NA,NA,NA,NA,NA,NA,NA,NA,NA,S,NA,NA,NA,NS,NS
StringToMap,S,`str_to_map`,None,project,str,NA,NA,NA,NA,NA,NA,NA,NA,NA,S,NA,NA,NA,NA,NA,NA,NA,NA,NS,NS
StringToMap,S,`str_to_map`,None,project,pairDelim,NA,NA,NA,NA,NA,NA,NA,NA,NA,S,NA,NA,NA,NA,NA,NA,NA,NA,NS,NS
StringToMap,S,`str_to_map`,None,project,keyValueDelim,NA,NA,NA,NA,NA,NA,NA,NA,NA,S,NA,NA,NA,NA,NA,NA,NA,NA,NS,NS
StringToMap,S,`str_to_map`,None,project,result,NA,NA,NA,NA,NA,NA,NA,NA,NA,NA,NA,NA,NA,NA,NA,S,NA,NA,NS,NS
StringTranslate,S,`translate`,None,project,input,NA,NA,NA,NA,NA,NA,NA,NA,NA,S,NA,NA,NA,NA,NA,NA,NA,NA,NS,NS
StringTranslate,S,`translate`,None,project,from,NA,NA,NA,NA,NA,NA,NA,NA,NA,PS,NA,NA,NA,NA,NA,NA,NA,NA,NS,NS
StringTranslate,S,`translate`,None,project,to,NA,NA,NA,NA,NA,NA,NA,NA,NA,PS,NA,NA,NA,NA,NA,NA,NA,NA,NS,NS
StringTranslate,S,`translate`,None,project,result,NA,NA,NA,NA,NA,NA,NA,NA,NA,S,NA,NA,NA,NA,NA,NA,NA,NA,NS,NS
StringTrim,S,`trim`,None,project,src,NA,NA,NA,NA,NA,NA,NA,NA,NA,S,NA,NA,NA,NA,NA,NA,NA,NA,NS,NS
StringTrim,S,`trim`,None,project,trimStr,NA,NA,NA,NA,NA,NA,NA,NA,NA,PS,NA,NA,NA,NA,NA,NA,NA,NA,NS,NS
StringTrim,S,`trim`,None,project,result,NA,NA,NA,NA,NA,NA,NA,NA,NA,S,NA,NA,NA,NA,NA,NA,NA,NA,NS,NS
StringTrimLeft,S,`ltrim`,None,project,src,NA,NA,NA,NA,NA,NA,NA,NA,NA,S,NA,NA,NA,NA,NA,NA,NA,NA,NS,NS
StringTrimLeft,S,`ltrim`,None,project,trimStr,NA,NA,NA,NA,NA,NA,NA,NA,NA,PS,NA,NA,NA,NA,NA,NA,NA,NA,NS,NS
StringTrimLeft,S,`ltrim`,None,project,result,NA,NA,NA,NA,NA,NA,NA,NA,NA,S,NA,NA,NA,NA,NA,NA,NA,NA,NS,NS
StringTrimRight,S,`rtrim`,None,project,src,NA,NA,NA,NA,NA,NA,NA,NA,NA,S,NA,NA,NA,NA,NA,NA,NA,NA,NS,NS
StringTrimRight,S,`rtrim`,None,project,trimStr,NA,NA,NA,NA,NA,NA,NA,NA,NA,PS,NA,NA,NA,NA,NA,NA,NA,NA,NS,NS
StringTrimRight,S,`rtrim`,None,project,result,NA,NA,NA,NA,NA,NA,NA,NA,NA,S,NA,NA,NA,NA,NA,NA,NA,NA,NS,NS
StructsToJson,NS,`to_json`,This is disabled by default because it is currently in beta and undergoes continuous enhancements. Please consult the [compatibility documentation](../compatibility.md#json-supporting-types) to determine whether you can enable this configuration for your use case,project,struct,S,S,S,S,S,S,S,S,PS,S,S,NA,NA,NA,PS,PS,PS,NA,NS,NS
StructsToJson,NS,`to_json`,This is disabled by default because it is currently in beta and undergoes continuous enhancements. Please consult the [compatibility documentation](../compatibility.md#json-supporting-types) to determine whether you can enable this configuration for your use case,project,result,NA,NA,NA,NA,NA,NA,NA,NA,NA,S,NA,NA,NA,NA,NA,NA,NA,NA,NS,NS
Substring,S,`substr`; `substring`,None,project,str,NA,NA,NA,NA,NA,NA,NA,NA,NA,S,NA,NA,NS,NA,NA,NA,NA,NA,NS,NS
Substring,S,`substr`; `substring`,None,project,pos,NA,NA,NA,S,NA,NA,NA,NA,NA,NA,NA,NA,NA,NA,NA,NA,NA,NA,NS,NS
Substring,S,`substr`; `substring`,None,project,len,NA,NA,NA,S,NA,NA,NA,NA,NA,NA,NA,NA,NA,NA,NA,NA,NA,NA,NS,NS
Substring,S,`substr`; `substring`,None,project,result,NA,NA,NA,NA,NA,NA,NA,NA,NA,S,NA,NA,NS,NA,NA,NA,NA,NA,NS,NS
SubstringIndex,S,`substring_index`,None,project,str,NA,NA,NA,NA,NA,NA,NA,NA,NA,S,NA,NA,NA,NA,NA,NA,NA,NA,NS,NS
SubstringIndex,S,`substring_index`,None,project,delim,NA,NA,NA,NA,NA,NA,NA,NA,NA,PS,NA,NA,NA,NA,NA,NA,NA,NA,NS,NS
SubstringIndex,S,`substring_index`,None,project,count,NA,NA,NA,PS,NA,NA,NA,NA,NA,NA,NA,NA,NA,NA,NA,NA,NA,NA,NS,NS
SubstringIndex,S,`substring_index`,None,project,result,NA,NA,NA,NA,NA,NA,NA,NA,NA,S,NA,NA,NA,NA,NA,NA,NA,NA,NS,NS
Subtract,S,`-`,None,project,lhs,NA,S,S,S,S,S,S,NA,NA,NA,S,NA,NA,NS,NA,NA,NA,NA,S,S
Subtract,S,`-`,None,project,rhs,NA,S,S,S,S,S,S,NA,NA,NA,S,NA,NA,NS,NA,NA,NA,NA,S,S
Subtract,S,`-`,None,project,result,NA,S,S,S,S,S,S,NA,NA,NA,S,NA,NA,NS,NA,NA,NA,NA,S,S
Subtract,S,`-`,None,AST,lhs,NA,NS,NS,S,S,S,S,NA,NA,NA,NS,NA,NA,NS,NA,NA,NA,NA,NS,NS
Subtract,S,`-`,None,AST,rhs,NA,NS,NS,S,S,S,S,NA,NA,NA,NS,NA,NA,NS,NA,NA,NA,NA,NS,NS
Subtract,S,`-`,None,AST,result,NA,NS,NS,S,S,S,S,NA,NA,NA,NS,NA,NA,NS,NA,NA,NA,NA,NS,NS
Tan,S,`tan`,None,project,input,NA,NA,NA,NA,NA,NA,S,NA,NA,NA,NA,NA,NA,NA,NA,NA,NA,NA,NS,NS
Tan,S,`tan`,None,project,result,NA,NA,NA,NA,NA,NA,S,NA,NA,NA,NA,NA,NA,NA,NA,NA,NA,NA,NS,NS
Tan,S,`tan`,None,AST,input,NA,NA,NA,NA,NA,NA,S,NA,NA,NA,NA,NA,NA,NA,NA,NA,NA,NA,NS,NS
Tan,S,`tan`,None,AST,result,NA,NA,NA,NA,NA,NA,S,NA,NA,NA,NA,NA,NA,NA,NA,NA,NA,NA,NS,NS
Tanh,S,`tanh`,None,project,input,NA,NA,NA,NA,NA,NA,S,NA,NA,NA,NA,NA,NA,NA,NA,NA,NA,NA,NS,NS
Tanh,S,`tanh`,None,project,result,NA,NA,NA,NA,NA,NA,S,NA,NA,NA,NA,NA,NA,NA,NA,NA,NA,NA,NS,NS
Tanh,S,`tanh`,None,AST,input,NA,NA,NA,NA,NA,NA,S,NA,NA,NA,NA,NA,NA,NA,NA,NA,NA,NA,NS,NS
Tanh,S,`tanh`,None,AST,result,NA,NA,NA,NA,NA,NA,S,NA,NA,NA,NA,NA,NA,NA,NA,NA,NA,NA,NS,NS
TimeAdd,S, ,None,project,start,NA,NA,NA,NA,NA,NA,NA,NA,PS,NA,NA,NA,NA,NA,NA,NA,NA,NA,NS,NS
TimeAdd,S, ,None,project,interval,NA,NA,NA,NA,NA,NA,NA,NA,NA,NA,NA,NA,NA,PS,NA,NA,NA,NA,S,NS
TimeAdd,S, ,None,project,result,NA,NA,NA,NA,NA,NA,NA,NA,PS,NA,NA,NA,NA,NA,NA,NA,NA,NA,NS,NS
ToDegrees,S,`degrees`,None,project,input,NA,NA,NA,NA,NA,NA,S,NA,NA,NA,NA,NA,NA,NA,NA,NA,NA,NA,NS,NS
ToDegrees,S,`degrees`,None,project,result,NA,NA,NA,NA,NA,NA,S,NA,NA,NA,NA,NA,NA,NA,NA,NA,NA,NA,NS,NS
ToRadians,S,`radians`,None,project,input,NA,NA,NA,NA,NA,NA,S,NA,NA,NA,NA,NA,NA,NA,NA,NA,NA,NA,NS,NS
ToRadians,S,`radians`,None,project,result,NA,NA,NA,NA,NA,NA,S,NA,NA,NA,NA,NA,NA,NA,NA,NA,NA,NA,NS,NS
ToUTCTimestamp,S,`to_utc_timestamp`,None,project,timestamp,NA,NA,NA,NA,NA,NA,NA,NA,PS,NA,NA,NA,NA,NA,NA,NA,NA,NA,NS,NS
ToUTCTimestamp,S,`to_utc_timestamp`,None,project,timezone,NA,NA,NA,NA,NA,NA,NA,NA,NA,PS,NA,NA,NA,NA,NA,NA,NA,NA,NS,NS
ToUTCTimestamp,S,`to_utc_timestamp`,None,project,result,NA,NA,NA,NA,NA,NA,NA,NA,PS,NA,NA,NA,NA,NA,NA,NA,NA,NA,NS,NS
ToUnixTimestamp,S,`to_unix_timestamp`,None,project,timeExp,NA,NA,NA,NA,NA,NA,NA,S,PS,S,NA,NA,NA,NA,NA,NA,NA,NA,NS,NS
ToUnixTimestamp,S,`to_unix_timestamp`,None,project,format,NA,NA,NA,NA,NA,NA,NA,NA,NA,PS,NA,NA,NA,NA,NA,NA,NA,NA,NS,NS
ToUnixTimestamp,S,`to_unix_timestamp`,None,project,result,NA,NA,NA,NA,S,NA,NA,NA,NA,NA,NA,NA,NA,NA,NA,NA,NA,NA,NS,NS
TransformKeys,S,`transform_keys`,None,project,argument,NA,NA,NA,NA,NA,NA,NA,NA,NA,NA,NA,NA,NA,NA,NA,PS,NA,NA,NS,NS
TransformKeys,S,`transform_keys`,None,project,function,S,S,S,S,S,S,S,S,PS,S,S,S,NS,NS,NS,NA,NS,NS,NS,NS
TransformKeys,S,`transform_keys`,None,project,result,NA,NA,NA,NA,NA,NA,NA,NA,NA,NA,NA,NA,NA,NA,NA,PS,NA,NA,NS,NS
TransformValues,S,`transform_values`,None,project,argument,NA,NA,NA,NA,NA,NA,NA,NA,NA,NA,NA,NA,NA,NA,NA,PS,NA,NA,NS,NS
TransformValues,S,`transform_values`,None,project,function,S,S,S,S,S,S,S,S,PS,S,S,S,NS,NS,PS,PS,PS,NS,NS,NS
TransformValues,S,`transform_values`,None,project,result,NA,NA,NA,NA,NA,NA,NA,NA,NA,NA,NA,NA,NA,NA,NA,PS,NA,NA,NS,NS
UnaryMinus,S,`negative`,None,project,input,NA,S,S,S,S,S,S,NA,NA,NA,S,NA,NA,NS,NA,NA,NA,NA,S,S
UnaryMinus,S,`negative`,None,project,result,NA,S,S,S,S,S,S,NA,NA,NA,S,NA,NA,NS,NA,NA,NA,NA,S,S
UnaryMinus,S,`negative`,None,AST,input,NA,NS,NS,S,S,S,S,NA,NA,NA,NS,NA,NA,NS,NA,NA,NA,NA,NS,NS
UnaryMinus,S,`negative`,None,AST,result,NA,NS,NS,S,S,S,S,NA,NA,NA,NS,NA,NA,NS,NA,NA,NA,NA,NS,NS
UnaryPositive,S,`positive`,None,project,input,NA,S,S,S,S,S,S,NA,NA,NA,S,NA,NA,NS,NA,NA,NA,NA,S,S
UnaryPositive,S,`positive`,None,project,result,NA,S,S,S,S,S,S,NA,NA,NA,S,NA,NA,NS,NA,NA,NA,NA,S,S
UnaryPositive,S,`positive`,None,AST,input,NA,S,S,S,S,S,S,NA,NA,NA,NS,NA,NA,NS,NA,NA,NA,NA,S,S
UnaryPositive,S,`positive`,None,AST,result,NA,S,S,S,S,S,S,NA,NA,NA,NS,NA,NA,NS,NA,NA,NA,NA,S,S
UnboundedFollowing$,S, ,None,project,result,NA,NA,NA,NA,NA,NA,NA,NA,NA,NA,NA,S,NA,NA,NA,NA,NA,NA,NS,NS
UnboundedPreceding$,S, ,None,project,result,NA,NA,NA,NA,NA,NA,NA,NA,NA,NA,NA,S,NA,NA,NA,NA,NA,NA,NS,NS
UnixTimestamp,S,`unix_timestamp`,None,project,timeExp,NA,NA,NA,NA,NA,NA,NA,S,PS,S,NA,NA,NA,NA,NA,NA,NA,NA,NS,NS
UnixTimestamp,S,`unix_timestamp`,None,project,format,NA,NA,NA,NA,NA,NA,NA,NA,NA,PS,NA,NA,NA,NA,NA,NA,NA,NA,NS,NS
UnixTimestamp,S,`unix_timestamp`,None,project,result,NA,NA,NA,NA,S,NA,NA,NA,NA,NA,NA,NA,NA,NA,NA,NA,NA,NA,NS,NS
UnscaledValue,S, ,None,project,input,NA,NA,NA,NA,NA,NA,NA,NA,NA,NA,PS,NA,NA,NA,NA,NA,NA,NA,NS,NS
UnscaledValue,S, ,None,project,result,NA,NA,NA,NA,S,NA,NA,NA,NA,NA,NA,NA,NA,NA,NA,NA,NA,NA,NS,NS
Upper,S,`ucase`; `upper`,None,project,input,NA,NA,NA,NA,NA,NA,NA,NA,NA,S,NA,NA,NA,NA,NA,NA,NA,NA,NS,NS
Upper,S,`ucase`; `upper`,None,project,result,NA,NA,NA,NA,NA,NA,NA,NA,NA,S,NA,NA,NA,NA,NA,NA,NA,NA,NS,NS
WeekDay,S,`weekday`,None,project,input,NA,NA,NA,NA,NA,NA,NA,S,NA,NA,NA,NA,NA,NA,NA,NA,NA,NA,NS,NS
WeekDay,S,`weekday`,None,project,result,NA,NA,NA,S,NA,NA,NA,NA,NA,NA,NA,NA,NA,NA,NA,NA,NA,NA,NS,NS
WindowExpression,S, ,None,window,windowFunction,S,S,S,S,S,S,S,S,PS,S,S,S,S,S,PS,PS,PS,S,S,S
WindowExpression,S, ,None,window,windowSpec,NA,S,S,S,S,NS,NS,NA,NA,NA,PS,NA,NA,S,NA,NA,NA,NA,S,NS
WindowExpression,S, ,None,window,result,S,S,S,S,S,S,S,S,PS,S,S,S,S,S,PS,PS,PS,S,S,S
WindowSpecDefinition,S, ,None,project,partition,S,S,S,S,S,S,S,S,PS,S,S,S,NS,NS,NS,NS,PS,NS,NS,NS
WindowSpecDefinition,S, ,None,project,value,S,S,S,S,S,S,S,S,PS,S,S,S,NS,NS,NS,NS,PS,NS,NS,NS
WindowSpecDefinition,S, ,None,project,result,S,S,S,S,S,S,S,S,PS,S,S,S,NS,NS,NS,NS,PS,NS,NS,NS
XxHash64,S,`xxhash64`,None,project,input,S,S,S,S,S,S,S,S,PS,S,S,S,NS,NS,NS,NS,NS,NS,NS,NS
XxHash64,S,`xxhash64`,None,project,result,NA,NA,NA,NA,S,NA,NA,NA,NA,NA,NA,NA,NA,NA,NA,NA,NA,NA,NS,NS
Year,S,`year`,None,project,input,NA,NA,NA,NA,NA,NA,NA,S,NA,NA,NA,NA,NA,NA,NA,NA,NA,NA,NS,NS
Year,S,`year`,None,project,result,NA,NA,NA,S,NA,NA,NA,NA,NA,NA,NA,NA,NA,NA,NA,NA,NA,NA,NS,NS
AggregateExpression,S, ,None,aggregation,aggFunc,S,S,S,S,S,S,S,S,PS,S,S,S,S,S,PS,PS,PS,S,S,S
AggregateExpression,S, ,None,aggregation,filter,S,NA,NA,NA,NA,NA,NA,NA,NA,NA,NA,NA,NA,NA,NA,NA,NA,NA,NS,NS
AggregateExpression,S, ,None,aggregation,result,S,S,S,S,S,S,S,S,PS,S,S,S,S,S,PS,PS,PS,S,S,S
AggregateExpression,S, ,None,reduction,aggFunc,S,S,S,S,S,S,S,S,PS,S,S,S,S,S,PS,PS,PS,S,S,S
AggregateExpression,S, ,None,reduction,filter,S,NA,NA,NA,NA,NA,NA,NA,NA,NA,NA,NA,NA,NA,NA,NA,NA,NA,NS,NS
AggregateExpression,S, ,None,reduction,result,S,S,S,S,S,S,S,S,PS,S,S,S,S,S,PS,PS,PS,S,S,S
AggregateExpression,S, ,None,window,aggFunc,S,S,S,S,S,S,S,S,PS,S,S,S,S,S,PS,PS,PS,S,S,S
AggregateExpression,S, ,None,window,filter,S,NA,NA,NA,NA,NA,NA,NA,NA,NA,NA,NA,NA,NA,NA,NA,NA,NA,NS,NS
AggregateExpression,S, ,None,window,result,S,S,S,S,S,S,S,S,PS,S,S,S,S,S,PS,PS,PS,S,S,S
ApproximatePercentile,S,`approx_percentile`; `percentile_approx`,None,aggregation,input,NA,S,S,S,S,S,S,NS,NS,NA,S,NA,NA,NA,NA,NA,NA,NA,NS,NS
ApproximatePercentile,S,`approx_percentile`; `percentile_approx`,None,aggregation,percentage,NA,NA,NA,NA,NA,NA,S,NA,NA,NA,NA,NA,NA,NA,S,NA,NA,NA,NS,NS
ApproximatePercentile,S,`approx_percentile`; `percentile_approx`,None,aggregation,accuracy,NA,NA,NA,S,NA,NA,NA,NA,NA,NA,NA,NA,NA,NA,NA,NA,NA,NA,NS,NS
ApproximatePercentile,S,`approx_percentile`; `percentile_approx`,None,aggregation,result,NA,S,S,S,S,S,S,NS,NS,NA,S,NA,NA,NA,PS,NA,NA,NA,NS,NS
ApproximatePercentile,S,`approx_percentile`; `percentile_approx`,None,reduction,input,NA,S,S,S,S,S,S,NS,NS,NA,S,NA,NA,NA,NA,NA,NA,NA,NS,NS
ApproximatePercentile,S,`approx_percentile`; `percentile_approx`,None,reduction,percentage,NA,NA,NA,NA,NA,NA,S,NA,NA,NA,NA,NA,NA,NA,S,NA,NA,NA,NS,NS
ApproximatePercentile,S,`approx_percentile`; `percentile_approx`,None,reduction,accuracy,NA,NA,NA,S,NA,NA,NA,NA,NA,NA,NA,NA,NA,NA,NA,NA,NA,NA,NS,NS
ApproximatePercentile,S,`approx_percentile`; `percentile_approx`,None,reduction,result,NA,S,S,S,S,S,S,NS,NS,NA,S,NA,NA,NA,PS,NA,NA,NA,NS,NS
Average,S,`avg`; `mean`,None,aggregation,input,NA,S,S,S,S,S,S,NA,NA,NA,S,S,NA,NS,NA,NA,NA,NA,NS,NS
Average,S,`avg`; `mean`,None,aggregation,result,NA,NA,NA,NA,NA,NA,S,NA,NA,NA,S,NA,NA,NA,NA,NA,NA,NA,NS,NS
Average,S,`avg`; `mean`,None,reduction,input,NA,S,S,S,S,S,S,NA,NA,NA,S,S,NA,NS,NA,NA,NA,NA,NS,NS
Average,S,`avg`; `mean`,None,reduction,result,NA,NA,NA,NA,NA,NA,S,NA,NA,NA,S,NA,NA,NA,NA,NA,NA,NA,NS,NS
Average,S,`avg`; `mean`,None,window,input,NA,S,S,S,S,S,S,NA,NA,NA,S,S,NA,NS,NA,NA,NA,NA,NS,NS
Average,S,`avg`; `mean`,None,window,result,NA,NA,NA,NA,NA,NA,S,NA,NA,NA,S,NA,NA,NA,NA,NA,NA,NA,NS,NS
BloomFilterAggregate,S,`bloom_filter_agg`,None,reduction,child,NA,NA,NA,NA,S,NA,NA,NA,NA,NA,NA,NA,NA,NA,NA,NA,NA,NA,NA,NA
BloomFilterAggregate,S,`bloom_filter_agg`,None,reduction,estimatedItems,NA,NA,NA,NA,S,NA,NA,NA,NA,NA,NA,NA,NA,NA,NA,NA,NA,NA,NA,NA
BloomFilterAggregate,S,`bloom_filter_agg`,None,reduction,numBits,NA,NA,NA,NA,S,NA,NA,NA,NA,NA,NA,NA,NA,NA,NA,NA,NA,NA,NA,NA
BloomFilterAggregate,S,`bloom_filter_agg`,None,reduction,result,NA,NA,NA,NA,NA,NA,NA,NA,NA,NA,NA,NA,S,NA,NA,NA,NA,NA,NA,NA
CollectList,S,`array_agg`; `collect_list`,None,aggregation,input,S,S,S,S,S,S,S,S,PS,S,S,S,S,NS,PS,PS,PS,NS,NS,NS
CollectList,S,`array_agg`; `collect_list`,None,aggregation,result,NA,NA,NA,NA,NA,NA,NA,NA,NA,NA,NA,NA,NA,NA,PS,NA,NA,NA,NS,NS
CollectList,S,`array_agg`; `collect_list`,None,reduction,input,S,S,S,S,S,S,S,S,PS,S,S,S,S,NS,PS,PS,PS,NS,NS,NS
CollectList,S,`array_agg`; `collect_list`,None,reduction,result,NA,NA,NA,NA,NA,NA,NA,NA,NA,NA,NA,NA,NA,NA,PS,NA,NA,NA,NS,NS
CollectList,S,`array_agg`; `collect_list`,None,window,input,S,S,S,S,S,S,S,S,PS,S,S,S,S,NS,PS,PS,PS,NS,NS,NS
CollectList,S,`array_agg`; `collect_list`,None,window,result,NA,NA,NA,NA,NA,NA,NA,NA,NA,NA,NA,NA,NA,NA,PS,NA,NA,NA,NS,NS
CollectSet,S,`collect_set`,None,aggregation,input,S,S,S,S,S,S,S,S,PS,S,S,S,NS,NS,PS,NS,PS,NS,NS,NS
CollectSet,S,`collect_set`,None,aggregation,result,NA,NA,NA,NA,NA,NA,NA,NA,NA,NA,NA,NA,NA,NA,PS,NA,NA,NA,NS,NS
CollectSet,S,`collect_set`,None,reduction,input,S,S,S,S,S,S,S,S,PS,S,S,S,NS,NS,PS,NS,PS,NS,NS,NS
CollectSet,S,`collect_set`,None,reduction,result,NA,NA,NA,NA,NA,NA,NA,NA,NA,NA,NA,NA,NA,NA,PS,NA,NA,NA,NS,NS
CollectSet,S,`collect_set`,None,window,input,S,S,S,S,S,S,S,S,PS,S,S,S,NS,NS,PS,NS,PS,NS,NS,NS
CollectSet,S,`collect_set`,None,window,result,NA,NA,NA,NA,NA,NA,NA,NA,NA,NA,NA,NA,NA,NA,PS,NA,NA,NA,NS,NS
Count,S,`count`,None,aggregation,input,S,S,S,S,S,S,S,S,PS,S,S,S,S,S,PS,PS,PS,S,S,S
Count,S,`count`,None,aggregation,result,NA,NA,NA,NA,S,NA,NA,NA,NA,NA,NA,NA,NA,NA,NA,NA,NA,NA,NS,NS
Count,S,`count`,None,reduction,input,S,S,S,S,S,S,S,S,PS,S,S,S,S,S,PS,PS,PS,S,S,S
Count,S,`count`,None,reduction,result,NA,NA,NA,NA,S,NA,NA,NA,NA,NA,NA,NA,NA,NA,NA,NA,NA,NA,NS,NS
Count,S,`count`,None,window,input,S,S,S,S,S,S,S,S,PS,S,S,S,S,S,PS,PS,PS,S,S,S
Count,S,`count`,None,window,result,NA,NA,NA,NA,S,NA,NA,NA,NA,NA,NA,NA,NA,NA,NA,NA,NA,NA,NS,NS
First,S,`first_value`; `first`,None,aggregation,input,S,S,S,S,S,S,S,S,PS,S,S,S,S,NS,PS,PS,PS,NS,NS,NS
First,S,`first_value`; `first`,None,aggregation,result,S,S,S,S,S,S,S,S,PS,S,S,S,S,NS,PS,PS,PS,NS,NS,NS
First,S,`first_value`; `first`,None,reduction,input,S,S,S,S,S,S,S,S,PS,S,S,S,S,NS,PS,PS,PS,NS,NS,NS
First,S,`first_value`; `first`,None,reduction,result,S,S,S,S,S,S,S,S,PS,S,S,S,S,NS,PS,PS,PS,NS,NS,NS
First,S,`first_value`; `first`,None,window,input,S,S,S,S,S,S,S,S,PS,S,S,S,S,NS,PS,PS,PS,NS,NS,NS
First,S,`first_value`; `first`,None,window,result,S,S,S,S,S,S,S,S,PS,S,S,S,S,NS,PS,PS,PS,NS,NS,NS
Last,S,`last_value`; `last`,None,aggregation,input,S,S,S,S,S,S,S,S,PS,S,S,S,S,NS,PS,PS,PS,NS,NS,NS
Last,S,`last_value`; `last`,None,aggregation,result,S,S,S,S,S,S,S,S,PS,S,S,S,S,NS,PS,PS,PS,NS,NS,NS
Last,S,`last_value`; `last`,None,reduction,input,S,S,S,S,S,S,S,S,PS,S,S,S,S,NS,PS,PS,PS,NS,NS,NS
Last,S,`last_value`; `last`,None,reduction,result,S,S,S,S,S,S,S,S,PS,S,S,S,S,NS,PS,PS,PS,NS,NS,NS
Last,S,`last_value`; `last`,None,window,input,S,S,S,S,S,S,S,S,PS,S,S,S,S,NS,PS,PS,PS,NS,NS,NS
Last,S,`last_value`; `last`,None,window,result,S,S,S,S,S,S,S,S,PS,S,S,S,S,NS,PS,PS,PS,NS,NS,NS
Max,S,`max`,None,aggregation,input,S,S,S,S,S,S,S,S,PS,S,S,S,NS,NS,PS,NA,PS,NS,NS,NS
Max,S,`max`,None,aggregation,result,S,S,S,S,S,S,S,S,PS,S,S,S,NS,NS,PS,NA,PS,NS,NS,NS
Max,S,`max`,None,reduction,input,S,S,S,S,S,S,S,S,PS,S,S,S,NS,NS,PS,NA,PS,NS,NS,NS
Max,S,`max`,None,reduction,result,S,S,S,S,S,S,S,S,PS,S,S,S,NS,NS,PS,NA,PS,NS,NS,NS
Max,S,`max`,None,window,input,S,S,S,S,S,S,S,S,PS,S,S,S,NS,NS,NS,NA,NS,NS,NS,NS
Max,S,`max`,None,window,result,S,S,S,S,S,S,S,S,PS,S,S,S,NS,NS,NS,NA,NS,NS,NS,NS
Min,S,`min`,None,aggregation,input,S,S,S,S,S,S,S,S,PS,S,S,S,NS,NS,PS,NA,PS,NS,NS,NS
Min,S,`min`,None,aggregation,result,S,S,S,S,S,S,S,S,PS,S,S,S,NS,NS,PS,NA,PS,NS,NS,NS
Min,S,`min`,None,reduction,input,S,S,S,S,S,S,S,S,PS,S,S,S,NS,NS,PS,NA,PS,NS,NS,NS
Min,S,`min`,None,reduction,result,S,S,S,S,S,S,S,S,PS,S,S,S,NS,NS,PS,NA,PS,NS,NS,NS
Min,S,`min`,None,window,input,S,S,S,S,S,S,S,S,PS,S,S,S,NS,NS,NS,NA,NS,NS,NS,NS
Min,S,`min`,None,window,result,S,S,S,S,S,S,S,S,PS,S,S,S,NS,NS,NS,NA,NS,NS,NS,NS
Percentile,S,`percentile`,None,aggregation,input,NA,S,S,S,S,S,S,NA,NA,NA,NA,NA,NA,NA,NA,NA,NA,NA,NS,NS
Percentile,S,`percentile`,None,aggregation,percentage,NA,NA,NA,NA,NA,NA,PS,NA,NA,NA,NA,NA,NA,NA,S,NA,NA,NA,NS,NS
Percentile,S,`percentile`,None,aggregation,frequency,NA,NA,NA,NA,S,NA,NA,NA,NA,NA,NA,NA,NA,NA,S,NA,NA,NA,NS,NS
Percentile,S,`percentile`,None,aggregation,result,NA,NA,NA,NA,NA,NA,S,NA,NA,NA,NA,NA,NA,NA,S,NA,NA,NA,NS,NS
Percentile,S,`percentile`,None,reduction,input,NA,S,S,S,S,S,S,NA,NA,NA,NA,NA,NA,NA,NA,NA,NA,NA,NS,NS
Percentile,S,`percentile`,None,reduction,percentage,NA,NA,NA,NA,NA,NA,PS,NA,NA,NA,NA,NA,NA,NA,S,NA,NA,NA,NS,NS
Percentile,S,`percentile`,None,reduction,frequency,NA,NA,NA,NA,S,NA,NA,NA,NA,NA,NA,NA,NA,NA,S,NA,NA,NA,NS,NS
Percentile,S,`percentile`,None,reduction,result,NA,NA,NA,NA,NA,NA,S,NA,NA,NA,NA,NA,NA,NA,S,NA,NA,NA,NS,NS
PivotFirst,S, ,None,aggregation,pivotColumn,S,S,S,S,S,S,S,S,PS,S,S,S,NS,NS,NS,NS,NS,NS,NS,NS
PivotFirst,S, ,None,aggregation,valueColumn,S,S,S,S,S,S,S,S,PS,S,S,S,NS,NS,NS,NS,NS,NS,NS,NS
PivotFirst,S, ,None,aggregation,result,S,S,S,S,S,S,S,S,PS,S,S,S,NS,NS,PS,NS,NS,NS,NS,NS
PivotFirst,S, ,None,reduction,pivotColumn,S,S,S,S,S,S,S,S,PS,S,S,S,NS,NS,NS,NS,NS,NS,NS,NS
PivotFirst,S, ,None,reduction,valueColumn,S,S,S,S,S,S,S,S,PS,S,S,S,NS,NS,NS,NS,NS,NS,NS,NS
PivotFirst,S, ,None,reduction,result,S,S,S,S,S,S,S,S,PS,S,S,S,NS,NS,PS,NS,NS,NS,NS,NS
StddevPop,S,`stddev_pop`,None,reduction,input,NA,NA,NA,NA,NA,NA,NS,NA,NA,NA,NA,NA,NA,NA,NA,NA,NA,NA,NS,NS
StddevPop,S,`stddev_pop`,None,reduction,result,NA,NA,NA,NA,NA,NA,NS,NA,NA,NA,NA,NA,NA,NA,NA,NA,NA,NA,NS,NS
StddevPop,S,`stddev_pop`,None,aggregation,input,NA,NA,NA,NA,NA,NA,S,NA,NA,NA,NA,NA,NA,NA,NA,NA,NA,NA,NS,NS
StddevPop,S,`stddev_pop`,None,aggregation,result,NA,NA,NA,NA,NA,NA,S,NA,NA,NA,NA,NA,NA,NA,NA,NA,NA,NA,NS,NS
StddevPop,S,`stddev_pop`,None,window,input,NA,NA,NA,NA,NA,NA,NS,NA,NA,NA,NA,NA,NA,NA,NA,NA,NA,NA,NS,NS
StddevPop,S,`stddev_pop`,None,window,result,NA,NA,NA,NA,NA,NA,NS,NA,NA,NA,NA,NA,NA,NA,NA,NA,NA,NA,NS,NS
StddevSamp,S,`std`; `stddev_samp`; `stddev`,None,aggregation,input,NA,NA,NA,NA,NA,NA,S,NA,NA,NA,NA,NA,NA,NA,NA,NA,NA,NA,NS,NS
StddevSamp,S,`std`; `stddev_samp`; `stddev`,None,aggregation,result,NA,NA,NA,NA,NA,NA,S,NA,NA,NA,NA,NA,NA,NA,NA,NA,NA,NA,NS,NS
StddevSamp,S,`std`; `stddev_samp`; `stddev`,None,reduction,input,NA,NA,NA,NA,NA,NA,S,NA,NA,NA,NA,NA,NA,NA,NA,NA,NA,NA,NS,NS
StddevSamp,S,`std`; `stddev_samp`; `stddev`,None,reduction,result,NA,NA,NA,NA,NA,NA,S,NA,NA,NA,NA,NA,NA,NA,NA,NA,NA,NA,NS,NS
StddevSamp,S,`std`; `stddev_samp`; `stddev`,None,window,input,NA,NA,NA,NA,NA,NA,S,NA,NA,NA,NA,NA,NA,NA,NA,NA,NA,NA,NS,NS
StddevSamp,S,`std`; `stddev_samp`; `stddev`,None,window,result,NA,NA,NA,NA,NA,NA,S,NA,NA,NA,NA,NA,NA,NA,NA,NA,NA,NA,NS,NS
Sum,S,`sum`,None,aggregation,input,NA,S,S,S,S,S,S,NA,NA,NA,S,NA,NA,NA,NA,NA,NA,NA,NS,NS
Sum,S,`sum`,None,aggregation,result,NA,NA,NA,NA,S,NA,S,NA,NA,NA,S,NA,NA,NA,NA,NA,NA,NA,NS,NS
Sum,S,`sum`,None,reduction,input,NA,S,S,S,S,S,S,NA,NA,NA,S,NA,NA,NA,NA,NA,NA,NA,NS,NS
Sum,S,`sum`,None,reduction,result,NA,NA,NA,NA,S,NA,S,NA,NA,NA,S,NA,NA,NA,NA,NA,NA,NA,NS,NS
Sum,S,`sum`,None,window,input,NA,S,S,S,S,S,S,NA,NA,NA,S,NA,NA,NA,NA,NA,NA,NA,NS,NS
Sum,S,`sum`,None,window,result,NA,NA,NA,NA,S,NA,S,NA,NA,NA,S,NA,NA,NA,NA,NA,NA,NA,NS,NS
VariancePop,S,`var_pop`,None,reduction,input,NA,NA,NA,NA,NA,NA,NS,NA,NA,NA,NA,NA,NA,NA,NA,NA,NA,NA,NS,NS
VariancePop,S,`var_pop`,None,reduction,result,NA,NA,NA,NA,NA,NA,NS,NA,NA,NA,NA,NA,NA,NA,NA,NA,NA,NA,NS,NS
VariancePop,S,`var_pop`,None,aggregation,input,NA,NA,NA,NA,NA,NA,S,NA,NA,NA,NA,NA,NA,NA,NA,NA,NA,NA,NS,NS
VariancePop,S,`var_pop`,None,aggregation,result,NA,NA,NA,NA,NA,NA,S,NA,NA,NA,NA,NA,NA,NA,NA,NA,NA,NA,NS,NS
VariancePop,S,`var_pop`,None,window,input,NA,NA,NA,NA,NA,NA,NS,NA,NA,NA,NA,NA,NA,NA,NA,NA,NA,NA,NS,NS
VariancePop,S,`var_pop`,None,window,result,NA,NA,NA,NA,NA,NA,NS,NA,NA,NA,NA,NA,NA,NA,NA,NA,NA,NA,NS,NS
VarianceSamp,S,`var_samp`; `variance`,None,reduction,input,NA,NA,NA,NA,NA,NA,NS,NA,NA,NA,NA,NA,NA,NA,NA,NA,NA,NA,NS,NS
VarianceSamp,S,`var_samp`; `variance`,None,reduction,result,NA,NA,NA,NA,NA,NA,NS,NA,NA,NA,NA,NA,NA,NA,NA,NA,NA,NA,NS,NS
VarianceSamp,S,`var_samp`; `variance`,None,aggregation,input,NA,NA,NA,NA,NA,NA,S,NA,NA,NA,NA,NA,NA,NA,NA,NA,NA,NA,NS,NS
VarianceSamp,S,`var_samp`; `variance`,None,aggregation,result,NA,NA,NA,NA,NA,NA,S,NA,NA,NA,NA,NA,NA,NA,NA,NA,NA,NA,NS,NS
VarianceSamp,S,`var_samp`; `variance`,None,window,input,NA,NA,NA,NA,NA,NA,NS,NA,NA,NA,NA,NA,NA,NA,NA,NA,NA,NA,NS,NS
VarianceSamp,S,`var_samp`; `variance`,None,window,result,NA,NA,NA,NA,NA,NA,NS,NA,NA,NA,NA,NA,NA,NA,NA,NA,NA,NA,NS,NS
NormalizeNaNAndZero,S, ,None,project,input,NA,NA,NA,NA,NA,S,S,NA,NA,NA,NA,NA,NA,NA,NA,NA,NA,NA,NS,NS
NormalizeNaNAndZero,S, ,None,project,result,NA,NA,NA,NA,NA,S,S,NA,NA,NA,NA,NA,NA,NA,NA,NA,NA,NA,NS,NS
InSubqueryExec,S, ,None,project,input,S,S,S,S,S,S,S,S,PS,S,S,S,NS,NS,NS,NA,NS,NS,NA,NA
InSubqueryExec,S, ,None,project,result,S,NA,NA,NA,NA,NA,NA,NA,NA,NA,NA,NA,NA,NA,NA,NA,NA,NA,NA,NA
ScalarSubquery,S, ,None,project,result,S,S,S,S,S,S,S,S,PS,S,S,S,S,NS,PS,PS,PS,NS,NS,NS
HiveGenericUDF,S, ,None,project,param,S,S,S,S,S,S,S,S,PS,S,S,S,S,S,PS,PS,PS,NS,NS,NS
HiveGenericUDF,S, ,None,project,result,S,S,S,S,S,S,S,S,PS,S,S,S,S,S,PS,PS,PS,NS,NS,NS
HiveSimpleUDF,S, ,None,project,param,S,S,S,S,S,S,S,S,PS,S,S,S,S,S,PS,PS,PS,NS,NS,NS
HiveSimpleUDF,S, ,None,project,result,S,S,S,S,S,S,S,S,PS,S,S,S,S,S,PS,PS,PS,NS,NS,NS
Empty2Null,S, ,None,project,input,NA,NA,NA,NA,NA,NA,NA,NA,NA,S,NA,NA,NA,NA,NA,NA,NA,NA,NA,NA
Empty2Null,S, ,None,project,result,NA,NA,NA,NA,NA,NA,NA,NA,NA,S,NA,NA,NA,NA,NA,NA,NA,NA,NA,NA
KnownNullable,S, ,None,project,input,S,S,S,S,S,S,S,S,PS,S,S,S,S,S,PS,PS,PS,S,S,S
KnownNullable,S, ,None,project,result,S,S,S,S,S,S,S,S,PS,S,S,S,S,S,PS,PS,PS,S,S,S
PythonUDAF,TNEW, ,None,aggregation,param,S,S,S,S,S,S,S,S,PS,S,NS,NS,NS,NS,PS,NS,PS,NS,NS,NS
PythonUDAF,TNEW, ,None,aggregation,result,S,S,S,S,S,S,S,S,PS,S,NS,NS,NS,NA,PS,NS,PS,NA,NA,NA
PythonUDAF,TNEW, ,None,reduction,param,S,S,S,S,S,S,S,S,PS,S,NS,NS,NS,NS,PS,NS,PS,NS,NS,NS
PythonUDAF,TNEW, ,None,reduction,result,S,S,S,S,S,S,S,S,PS,S,NS,NS,NS,NA,PS,NS,PS,NA,NA,NA
PythonUDAF,TNEW, ,None,window,param,S,S,S,S,S,S,S,S,PS,S,NS,NS,NS,NS,PS,NS,PS,NS,NS,NS
PythonUDAF,TNEW, ,None,window,result,S,S,S,S,S,S,S,S,PS,S,NS,NS,NS,NA,PS,NS,PS,NA,NA,NA
PythonUDAF,TNEW, ,None,project,param,S,S,S,S,S,S,S,S,PS,S,NS,NS,NS,NS,PS,NS,PS,NS,NS,NS
PythonUDAF,TNEW, ,None,project,result,S,S,S,S,S,S,S,S,PS,S,NS,NS,NS,NA,PS,NS,PS,NA,NA,NA
EphemeralSubstring,S,`substr`; `substring`,None,project,str,NA,NA,NA,NA,NA,NA,NA,NA,NA,S,NA,NA,NS,NA,NA,NA,NA,NA,NS,NS
EphemeralSubstring,S,`substr`; `substring`,None,project,pos,NA,NA,NA,S,NA,NA,NA,NA,NA,NA,NA,NA,NA,NA,NA,NA,NA,NA,NS,NS
EphemeralSubstring,S,`substr`; `substring`,None,project,len,NA,NA,NA,S,NA,NA,NA,NA,NA,NA,NA,NA,NA,NA,NA,NA,NA,NA,NS,NS
EphemeralSubstring,S,`substr`; `substring`,None,project,result,NA,NA,NA,NA,NA,NA,NA,NA,NA,S,NA,NA,NS,NA,NA,NA,NA,NA,NS,NS
